ID,Timestamp,Weight(kg),FilledLevel(%),AirQuality(ppm),WaterLevel(cm),TimeSinceLast,FilledLevelChange,RateOfChange,TimeSinceStart,PredictedRateOfChange
BIN001,2024-09-01 08:00:00,18.9,66.6,47.3,0.2,0.0,0.0,,0.0,0.002111213451651401
BIN001,2024-09-01 10:00:00,10.6,53.0,37.9,5.1,7200.0,-13.599999999999994,-0.001888888888888888,7200.0,-0.0021926348549649987
BIN001,2024-09-01 12:00:00,17.2,73.5,33.2,6.7,7200.0,20.5,0.0028472222222222223,14400.0,0.0013584336518292824
BIN001,2024-09-01 14:00:00,7.5,37.5,14.7,6.1,7200.0,-36.0,-0.005,21600.0,-0.0038032239823211685
BIN001,2024-09-01 16:00:00,17.0,63.1,21.0,4.6,7200.0,25.6,0.0035555555555555557,28800.0,0.0012155151607342821
BIN001,2024-09-01 18:00:00,18.6,60.1,14.2,3.2,7200.0,-3.0,-0.0004166666666666667,36000.0,0.0020417732066124045
BIN001,2024-09-01 20:00:00,13.4,67.0,11.4,4.3,7200.0,6.899999999999999,0.0009583333333333332,43200.0,-0.0006998287395691269
BIN001,2024-09-01 22:00:00,9.3,46.5,7.3,6.1,7200.0,-20.5,-0.0028472222222222223,50400.0,-0.0028397595736699326
BIN001,2024-09-02 00:00:00,5.3,26.5,37.0,0.3,7200.0,-20.0,-0.002777777777777778,57600.0,-0.005117517959266912
BIN001,2024-09-02 02:00:00,5.8,29.0,9.2,0.2,7200.0,2.5,0.00034722222222222224,64800.0,-0.004832438055668904
BIN001,2024-09-02 04:00:00,10.4,52.0,36.8,2.5,7200.0,23.0,0.0031944444444444446,72000.0,-0.002355227637202169
BIN001,2024-09-02 06:00:00,19.5,90.7,35.0,2.6,7200.0,38.7,0.0053750000000000004,79200.0,0.0024915896700816193
BIN001,2024-09-02 08:00:00,16.8,67.0,34.8,6.9,7200.0,-23.700000000000003,-0.003291666666666667,86400.0,0.0011481846868489198
BIN001,2024-09-02 10:00:00,16.5,82.5,49.1,3.0,7200.0,15.5,0.0021527777777777778,93600.0,0.0008927474150591808
BIN001,2024-09-02 12:00:00,19.9,91.7,8.4,1.7,7200.0,9.200000000000003,0.001277777777777778,100800.0,0.0027050354348412235
BIN001,2024-09-02 14:00:00,17.6,88.0,9.4,4.3,7200.0,-3.700000000000003,-0.0005138888888888892,108000.0,0.001536636038992364
BIN001,2024-09-02 16:00:00,18.9,83.9,42.9,3.2,7200.0,-4.099999999999994,-0.0005694444444444436,115200.0,0.002179035393189267
BIN001,2024-09-02 18:00:00,19.6,98.9,46.5,4.7,7200.0,15.0,0.0020833333333333333,122400.0,0.00258142940918488
BIN001,2024-09-02 20:00:00,6.8,34.0,12.6,3.1,7200.0,-64.9,-0.009013888888888889,129600.0,-0.004240162329968754
BIN001,2024-09-02 22:00:00,15.2,76.0,47.3,1.0,7200.0,42.0,0.005833333333333334,136800.0,0.00015842710446995617
BIN001,2024-09-03 00:00:00,12.2,61.0,25.3,5.7,7200.0,-15.0,-0.0020833333333333333,144000.0,-0.001319333970583615
BIN001,2024-09-03 02:00:00,18.5,92.5,16.4,4.7,7200.0,31.5,0.004375,151200.0,0.0020187186081068436
BIN001,2024-09-03 04:00:00,7.6,38.0,55.0,2.6,7200.0,-54.5,-0.007569444444444445,158400.0,-0.0038577588483852407
BIN001,2024-09-03 06:00:00,17.3,78.0,29.3,2.8,7200.0,40.0,0.005555555555555556,165600.0,0.0013287877642747439
BIN001,2024-09-03 08:00:00,18.9,98.9,22.4,0.4,7200.0,20.900000000000006,0.0029027777777777784,172800.0,0.0021333731869056863
BIN001,2024-09-03 10:00:00,10.0,50.0,12.5,2.0,7200.0,-48.900000000000006,-0.006791666666666667,180000.0,-0.0025612049449349993
BIN001,2024-09-03 12:00:00,19.0,71.6,15.7,6.5,7200.0,21.599999999999994,0.002999999999999999,187200.0,0.0023242733445321823
BIN001,2024-09-03 14:00:00,11.7,58.5,23.8,6.3,7200.0,-13.099999999999994,-0.0018194444444444436,194400.0,-0.0015715982586923562
BIN001,2024-09-03 16:00:00,17.1,92.2,11.3,1.5,7200.0,33.7,0.004680555555555556,201600.0,0.0012075427877671734
BIN001,2024-09-03 18:00:00,18.0,65.7,35.4,5.6,7200.0,-26.5,-0.0036805555555555554,208800.0,0.0017573068708017347
BIN001,2024-09-03 20:00:00,14.0,70.0,6.8,3.9,7200.0,4.299999999999997,0.0005972222222222219,216000.0,-0.00038684963346802357
BIN001,2024-09-03 22:00:00,7.0,35.0,22.0,6.0,7200.0,-35.0,-0.004861111111111111,223200.0,-0.004078440110197888
BIN001,2024-09-04 00:00:00,17.2,86.0,5.4,4.9,7200.0,51.0,0.007083333333333333,230400.0,0.0013390141559839353
BIN001,2024-09-04 02:00:00,16.8,84.0,6.0,3.6,7200.0,-2.0,-0.0002777777777777778,237600.0,0.0010973416261163115
BIN001,2024-09-04 04:00:00,6.1,30.5,15.3,3.0,7200.0,-53.5,-0.007430555555555556,244800.0,-0.004617735854638141
BIN001,2024-09-04 06:00:00,17.4,72.3,52.1,1.9,7200.0,41.8,0.005805555555555555,252000.0,0.0013444773182187727
BIN001,2024-09-04 08:00:00,16.6,69.2,24.8,2.5,7200.0,-3.0999999999999943,-0.00043055555555555474,259200.0,0.0009524975996942232
BIN001,2024-09-04 10:00:00,5.3,26.5,19.2,4.5,7200.0,-42.7,-0.005930555555555556,266400.0,-0.005014017034799029
BIN001,2024-09-04 12:00:00,19.8,71.2,32.1,4.8,7200.0,44.7,0.006208333333333334,273600.0,0.002700004422090419
BIN001,2024-09-04 14:00:00,17.5,87.5,38.3,4.2,7200.0,16.299999999999997,0.0022638888888888886,280800.0,0.0014580457237327888
BIN001,2024-09-04 16:00:00,19.2,79.9,40.8,6.8,7200.0,-7.599999999999994,-0.0010555555555555548,288000.0,0.0024174346735614787
BIN001,2024-09-04 18:00:00,17.1,96.9,31.3,2.7,7200.0,17.0,0.002361111111111111,295200.0,0.0012177669281003452
BIN001,2024-09-04 20:00:00,9.3,46.5,22.0,1.3,7200.0,-50.400000000000006,-0.007000000000000001,302400.0,-0.002957058812425516
BIN001,2024-09-04 22:00:00,10.8,54.0,52.8,0.0,7200.0,7.5,0.0010416666666666667,309600.0,-0.0022105049221404468
BIN001,2024-09-05 00:00:00,8.1,40.5,43.5,2.4,7200.0,-13.5,-0.001875,316800.0,-0.003588297391113506
BIN001,2024-09-05 02:00:00,18.7,93.5,23.5,3.2,7200.0,53.0,0.007361111111111111,324000.0,0.0020859640264797273
BIN001,2024-09-05 04:00:00,12.0,60.0,50.9,0.4,7200.0,-33.5,-0.004652777777777777,331200.0,-0.001561823755563684
BIN001,2024-09-05 06:00:00,16.8,63.1,23.1,0.2,7200.0,3.1000000000000014,0.00043055555555555577,338400.0,0.001009682656272902
BIN001,2024-09-05 08:00:00,16.4,99.4,50.8,2.3,7200.0,36.300000000000004,0.005041666666666667,345600.0,0.0008213026865267689
BIN001,2024-09-05 10:00:00,6.5,32.5,37.2,0.6,7200.0,-66.9,-0.009291666666666667,352800.0,-0.004474459635946669
BIN001,2024-09-05 12:00:00,18.7,81.8,45.3,2.0,7200.0,49.3,0.0068472222222222216,360000.0,0.0020430080926426147
BIN001,2024-09-05 14:00:00,16.8,84.0,43.1,5.9,7200.0,2.200000000000003,0.00030555555555555593,367200.0,0.0011182141227875399
BIN001,2024-09-05 16:00:00,18.0,79.1,46.9,3.7,7200.0,-4.900000000000006,-0.0006805555555555563,374400.0,0.0017061014646820843
BIN001,2024-09-05 18:00:00,16.2,95.3,36.2,2.8,7200.0,16.200000000000003,0.0022500000000000003,381600.0,0.0007366144021287279
BIN001,2024-09-05 20:00:00,17.4,87.0,15.2,5.9,7200.0,-8.299999999999997,-0.0011527777777777773,388800.0,0.0014586711730709793
BIN001,2024-09-05 22:00:00,9.3,46.5,37.8,1.2,7200.0,-40.5,-0.005625,396000.0,-0.002971907249697831
BIN001,2024-09-06 00:00:00,13.1,65.5,54.0,1.8,7200.0,19.0,0.002638888888888889,403200.0,-0.0009487679769651465
BIN001,2024-09-06 02:00:00,18.1,90.5,22.7,2.6,7200.0,25.0,0.003472222222222222,410400.0,0.0017536012702091836
BIN001,2024-09-06 04:00:00,9.6,48.0,46.8,4.2,7200.0,-42.5,-0.005902777777777778,417600.0,-0.0027539958241267213
BIN001,2024-09-06 06:00:00,18.3,70.5,51.0,5.9,7200.0,22.5,0.003125,424800.0,0.001910153740780152
BIN001,2024-09-06 08:00:00,18.2,64.4,43.9,3.8,7200.0,-6.099999999999994,-0.0008472222222222214,432000.0,0.0018166203391501885
BIN001,2024-09-06 10:00:00,5.3,26.5,31.9,5.8,7200.0,-37.900000000000006,-0.00526388888888889,439200.0,-0.004996589331606251
BIN001,2024-09-06 12:00:00,19.8,83.4,48.0,5.9,7200.0,56.900000000000006,0.00790277777777778,446400.0,0.0027106435708983776
BIN001,2024-09-06 14:00:00,19.2,96.0,50.3,3.8,7200.0,12.599999999999994,0.0017499999999999992,453600.0,0.002343829790627661
BIN001,2024-09-06 16:00:00,18.6,61.1,37.0,0.3,7200.0,-34.9,-0.004847222222222222,460800.0,0.00195845672902489
BIN001,2024-09-06 18:00:00,16.4,73.4,26.5,3.0,7200.0,12.300000000000004,0.0017083333333333338,468000.0,0.0008542198968039712
BIN001,2024-09-06 20:00:00,15.3,76.5,47.4,0.9,7200.0,3.0999999999999943,0.00043055555555555474,475200.0,0.0002071142243628369
BIN001,2024-09-06 22:00:00,9.3,46.5,42.2,6.7,7200.0,-30.0,-0.004166666666666667,482400.0,-0.002856225410630379
BIN001,2024-09-07 00:00:00,9.0,45.0,40.7,2.5,7200.0,-1.5,-0.00020833333333333335,489600.0,-0.0031061458206591746
BIN001,2024-09-07 02:00:00,19.2,96.0,26.1,0.5,7200.0,51.0,0.007083333333333333,496800.0,0.002290210251635295
BIN001,2024-09-07 04:00:00,19.2,96.0,42.5,0.6,7200.0,0.0,0.0,504000.0,0.0022798377316156967
BIN001,2024-09-07 06:00:00,18.1,88.7,16.2,2.9,7200.0,-7.299999999999997,-0.0010138888888888884,511200.0,0.0017643990476092566
BIN001,2024-09-07 08:00:00,16.7,73.3,49.7,4.5,7200.0,-15.400000000000006,-0.00213888888888889,518400.0,0.0010284914763720818
BIN001,2024-09-07 10:00:00,17.6,88.0,9.5,1.2,7200.0,14.700000000000003,0.002041666666666667,525600.0,0.001466318560415127
BIN001,2024-09-07 12:00:00,18.0,82.4,52.7,2.7,7200.0,-5.599999999999994,-0.000777777777777777,532800.0,0.0016788627188493773
BIN001,2024-09-07 14:00:00,19.2,96.0,51.5,2.2,7200.0,13.599999999999994,0.001888888888888888,540000.0,0.002307533686019384
BIN001,2024-09-07 16:00:00,18.9,71.0,28.8,4.8,7200.0,-25.0,-0.003472222222222222,547200.0,0.00222166232233543
BIN001,2024-09-07 18:00:00,17.6,92.2,26.7,1.8,7200.0,21.200000000000003,0.002944444444444445,554400.0,0.001466064905541225
BIN001,2024-09-07 20:00:00,13.5,67.5,13.0,3.9,7200.0,-24.700000000000003,-0.003430555555555556,561600.0,-0.0006600249160103521
BIN001,2024-09-07 22:00:00,10.4,52.0,5.2,5.7,7200.0,-15.5,-0.0021527777777777778,568800.0,-0.002264903020470747
BIN001,2024-09-08 00:00:00,5.7,28.5,44.0,0.9,7200.0,-23.5,-0.003263888888888889,576000.0,-0.00490041088940853
BIN001,2024-09-08 02:00:00,17.9,89.5,20.5,3.9,7200.0,61.0,0.008472222222222223,583200.0,0.0016759380004743134
BIN001,2024-09-08 04:00:00,12.4,62.0,6.0,5.7,7200.0,-27.5,-0.0038194444444444443,590400.0,-0.0012011928093847764
BIN001,2024-09-08 06:00:00,16.6,65.2,52.0,4.8,7200.0,3.200000000000003,0.00044444444444444485,597600.0,0.000979505156177056
BIN001,2024-09-08 08:00:00,19.0,71.2,26.1,1.9,7200.0,6.0,0.0008333333333333334,604800.0,0.00221348276625972
BIN001,2024-09-08 10:00:00,17.8,89.0,35.4,6.0,7200.0,17.799999999999997,0.002472222222222222,612000.0,0.001656837188828187
BIN001,2024-09-08 12:00:00,16.1,72.5,5.5,3.6,7200.0,-16.5,-0.0022916666666666667,619200.0,0.0007225828853174802
BIN001,2024-09-08 14:00:00,12.0,60.0,12.8,4.6,7200.0,-12.5,-0.001736111111111111,626400.0,-0.0014434351968724383
BIN001,2024-09-08 16:00:00,17.4,65.5,36.1,0.7,7200.0,5.5,0.0007638888888888889,633600.0,0.0013279958683199266
BIN001,2024-09-08 18:00:00,17.9,91.9,47.6,1.2,7200.0,26.400000000000006,0.0036666666666666675,640800.0,0.0015961737164201274
BIN001,2024-09-08 20:00:00,5.7,28.5,32.5,0.1,7200.0,-63.400000000000006,-0.008805555555555556,648000.0,-0.004909531751447102
BIN001,2024-09-08 22:00:00,11.4,57.0,53.2,2.9,7200.0,28.5,0.003958333333333334,655200.0,-0.0018307321101691271
BIN001,2024-09-09 00:00:00,17.4,87.0,5.6,7.0,7200.0,30.0,0.004166666666666667,662400.0,0.0014880637483546226
BIN001,2024-09-09 02:00:00,12.8,64.0,44.2,5.2,7200.0,-23.0,-0.0031944444444444446,669600.0,-0.0010288219021429299
BIN001,2024-09-09 04:00:00,6.8,34.0,8.4,3.7,7200.0,-30.0,-0.004166666666666667,676800.0,-0.004227607131500187
BIN001,2024-09-09 06:00:00,16.2,81.9,15.2,5.2,7200.0,47.900000000000006,0.006652777777777778,684000.0,0.0008027741689088444
BIN001,2024-09-09 08:00:00,19.5,69.4,47.8,3.8,7200.0,-12.5,-0.001736111111111111,691200.0,0.0025038005450484253
BIN001,2024-09-09 10:00:00,5.7,28.5,50.2,1.2,7200.0,-40.900000000000006,-0.005680555555555557,698400.0,-0.004899437904864558
BIN001,2024-09-09 12:00:00,18.0,97.3,34.7,1.2,7200.0,68.8,0.009555555555555555,705600.0,0.001658790798860119
BIN001,2024-09-09 14:00:00,16.8,84.0,38.4,1.0,7200.0,-13.299999999999997,-0.0018472222222222219,712800.0,0.0010128931072209881
BIN001,2024-09-09 16:00:00,17.0,74.3,15.2,2.9,7200.0,-9.700000000000003,-0.0013472222222222225,720000.0,0.001178295060213332
BIN001,2024-09-09 18:00:00,19.8,61.7,29.5,2.6,7200.0,-12.599999999999994,-0.0017499999999999992,727200.0,0.0026510755292905915
BIN001,2024-09-09 20:00:00,13.2,66.0,38.5,2.9,7200.0,4.299999999999997,0.0005972222222222219,734400.0,-0.0008620445479253416
BIN001,2024-09-09 22:00:00,7.9,39.5,47.7,1.8,7200.0,-26.5,-0.0036805555555555554,741600.0,-0.0037138626724893308
BIN001,2024-09-10 00:00:00,15.8,79.0,33.4,5.7,7200.0,39.5,0.005486111111111111,748800.0,0.0005864472639058749
BIN001,2024-09-10 02:00:00,16.0,80.0,29.1,2.2,7200.0,1.0,0.0001388888888888889,756000.0,0.0006200014184268611
BIN001,2024-09-10 04:00:00,12.7,63.5,5.0,0.9,7200.0,-16.5,-0.0022916666666666667,763200.0,-0.0011463220790983684
BIN001,2024-09-10 06:00:00,16.1,88.5,44.9,0.7,7200.0,25.0,0.003472222222222222,770400.0,0.0006284627040813208
BIN001,2024-09-10 08:00:00,16.9,64.6,45.9,4.9,7200.0,-23.900000000000006,-0.003319444444444445,777600.0,0.0011447833783979327
BIN001,2024-09-10 10:00:00,17.6,88.0,43.0,2.4,7200.0,23.400000000000006,0.0032500000000000007,784800.0,0.0014651358397234273
BIN001,2024-09-10 12:00:00,19.0,95.5,44.1,0.8,7200.0,7.5,0.0010416666666666667,792000.0,0.0021745767859867437
BIN001,2024-09-10 14:00:00,17.1,85.5,17.6,4.6,7200.0,-10.0,-0.001388888888888889,799200.0,0.0012661274737673506
BIN001,2024-09-10 16:00:00,18.2,83.6,32.5,4.7,7200.0,-1.9000000000000057,-0.0002638888888888897,806400.0,0.0018423543052901083
BIN001,2024-09-10 18:00:00,17.8,88.2,22.1,6.7,7200.0,4.6000000000000085,0.0006388888888888901,813600.0,0.0016808362634741641
BIN001,2024-09-10 20:00:00,12.2,61.0,5.9,7.0,7200.0,-27.200000000000003,-0.0037777777777777783,820800.0,-0.0012808454818309363
BIN001,2024-09-10 22:00:00,14.8,74.0,46.1,4.0,7200.0,13.0,0.0018055555555555555,828000.0,7.027620609615509e-06
BIN001,2024-09-11 00:00:00,7.8,39.0,7.9,4.2,7200.0,-35.0,-0.004861111111111111,835200.0,-0.003685188379973176
BIN001,2024-09-11 02:00:00,8.1,40.5,24.8,1.0,7200.0,1.5,0.00020833333333333335,842400.0,-0.003608043252625855
BIN001,2024-09-11 04:00:00,17.9,89.5,40.7,0.9,7200.0,49.0,0.006805555555555555,849600.0,0.001593497762519002
BIN001,2024-09-11 06:00:00,18.5,76.9,8.8,4.1,7200.0,-12.599999999999994,-0.0017499999999999992,856800.0,0.0020066968072022205
BIN001,2024-09-11 08:00:00,18.2,93.5,35.8,6.0,7200.0,16.599999999999994,0.0023055555555555546,864000.0,0.0018677238432918027
BIN001,2024-09-11 10:00:00,17.8,89.0,18.2,1.3,7200.0,-4.5,-0.000625,871200.0,0.001565975876083767
BIN001,2024-09-11 12:00:00,18.0,62.0,31.3,1.5,7200.0,-27.0,-0.00375,878400.0,0.0016667398153790598
BIN001,2024-09-11 14:00:00,7.9,39.5,33.5,0.6,7200.0,-22.5,-0.003125,885600.0,-0.0037301115275415074
BIN001,2024-09-11 16:00:00,16.5,96.2,40.5,3.2,7200.0,56.7,0.007875,892800.0,0.0008982547620999311
BIN001,2024-09-11 18:00:00,18.9,76.2,20.7,0.5,7200.0,-20.0,-0.002777777777777778,900000.0,0.0021319332009341625
BIN001,2024-09-11 20:00:00,9.9,49.5,16.2,5.4,7200.0,-26.700000000000003,-0.003708333333333334,907200.0,-0.0025482125160233
BIN001,2024-09-11 22:00:00,13.4,67.0,33.5,5.5,7200.0,17.5,0.0024305555555555556,914400.0,-0.00069645585864776
BIN001,2024-09-12 00:00:00,9.3,46.5,14.3,1.2,7200.0,-20.5,-0.0028472222222222223,921600.0,-0.002957546560747114
BIN001,2024-09-12 02:00:00,5.2,26.0,28.7,0.7,7200.0,-20.5,-0.0028472222222222223,928800.0,-0.005161598955317591
BIN001,2024-09-12 04:00:00,5.3,26.5,27.6,6.2,7200.0,0.5,6.944444444444444e-05,936000.0,-0.004987967358135215
BIN001,2024-09-12 06:00:00,17.3,74.7,6.6,1.8,7200.0,48.2,0.006694444444444445,943200.0,0.0013190882712008547
BIN001,2024-09-12 08:00:00,19.3,98.8,38.2,4.2,7200.0,24.099999999999994,0.0033472222222222215,950400.0,0.0024116195963589833
BIN001,2024-09-12 10:00:00,8.8,44.0,6.5,3.0,7200.0,-54.8,-0.007611111111111111,957600.0,-0.003178813646775182
BIN001,2024-09-12 12:00:00,17.1,77.7,33.9,0.0,7200.0,33.7,0.004680555555555556,964800.0,0.0011525420312286459
BIN001,2024-09-12 14:00:00,11.7,58.5,19.2,2.1,7200.0,-19.200000000000003,-0.002666666666666667,972000.0,-0.0016646884156372686
BIN001,2024-09-12 16:00:00,19.3,76.3,54.2,5.5,7200.0,17.799999999999997,0.002472222222222222,979200.0,0.0024275046714736116
BIN001,2024-09-12 18:00:00,17.1,89.6,52.2,3.3,7200.0,13.299999999999997,0.0018472222222222219,986400.0,0.0012102205172293823
BIN001,2024-09-12 20:00:00,15.1,75.5,11.8,0.3,7200.0,-14.099999999999994,-0.0019583333333333328,993600.0,0.00011124931884212708
BIN001,2024-09-12 22:00:00,19.0,95.0,16.6,3.6,7200.0,19.5,0.0027083333333333334,1000800.0,0.0022550219150111496
BIN001,2024-09-13 00:00:00,12.6,63.0,23.7,3.4,7200.0,-32.0,-0.0044444444444444444,1008000.0,-0.0011610779735505145
BIN001,2024-09-13 02:00:00,16.2,81.0,19.3,5.5,7200.0,18.0,0.0025,1015200.0,0.0008039376691849204
BIN001,2024-09-13 04:00:00,5.3,26.5,49.3,1.5,7200.0,-54.5,-0.007569444444444445,1022400.0,-0.0051073083335654405
BIN001,2024-09-13 06:00:00,16.4,73.7,13.4,5.8,7200.0,47.2,0.006555555555555556,1029600.0,0.0009213081731291213
BIN001,2024-09-13 08:00:00,16.6,60.9,22.7,1.2,7200.0,-12.800000000000004,-0.0017777777777777783,1036800.0,0.0009205737626769312
BIN001,2024-09-13 10:00:00,17.4,87.0,40.1,5.7,7200.0,26.1,0.003625,1044000.0,0.0014309203026111016
BIN001,2024-09-13 12:00:00,19.9,74.9,20.6,2.5,7200.0,-12.099999999999994,-0.0016805555555555547,1051200.0,0.002706718975639984
BIN001,2024-09-13 14:00:00,7.4,37.0,46.1,1.2,7200.0,-37.900000000000006,-0.00526388888888889,1058400.0,-0.003993948237894592
BIN001,2024-09-13 16:00:00,18.2,62.4,46.7,4.2,7200.0,25.4,0.0035277777777777777,1065600.0,0.0018189075004937053
BIN001,2024-09-13 18:00:00,17.1,96.1,25.3,1.4,7200.0,33.699999999999996,0.004680555555555555,1072800.0,0.0011888153631228037
BIN001,2024-09-13 20:00:00,8.6,43.0,53.8,2.9,7200.0,-53.099999999999994,-0.007375,1080000.0,-0.0033243099473058424
BIN001,2024-09-13 22:00:00,15.3,76.5,21.3,2.9,7200.0,33.5,0.004652777777777777,1087200.0,0.00026637067590418173
BIN001,2024-09-14 00:00:00,10.4,52.0,37.6,5.9,7200.0,-24.5,-0.0034027777777777776,1094400.0,-0.00228879513035298
BIN001,2024-09-14 02:00:00,9.6,48.0,41.6,5.3,7200.0,-4.0,-0.0005555555555555556,1101600.0,-0.002730727839720037
BIN001,2024-09-14 04:00:00,12.8,64.0,21.2,1.1,7200.0,16.0,0.0022222222222222222,1108800.0,-0.0011034290758441846
BIN001,2024-09-14 06:00:00,19.0,91.3,16.6,3.4,7200.0,27.299999999999997,0.0037916666666666663,1116000.0,0.0022498942508689165
BIN001,2024-09-14 08:00:00,16.5,88.4,54.9,4.5,7200.0,-2.8999999999999915,-0.0004027777777777766,1123200.0,0.0009139979109957508
BIN001,2024-09-14 10:00:00,15.8,79.0,5.8,1.2,7200.0,-9.400000000000006,-0.0013055555555555563,1130400.0,0.0005070352613651911
BIN001,2024-09-14 12:00:00,18.1,97.0,24.9,6.0,7200.0,18.0,0.0025,1137600.0,0.001820960168855414
BIN001,2024-09-14 14:00:00,11.2,56.0,53.0,1.4,7200.0,-41.0,-0.005694444444444445,1144800.0,-0.001972955577906015
BIN001,2024-09-14 16:00:00,19.0,72.3,47.1,4.6,7200.0,16.299999999999997,0.0022638888888888886,1152000.0,0.0022525050688618747
BIN001,2024-09-14 18:00:00,16.6,74.1,46.5,5.7,7200.0,1.7999999999999972,0.0002499999999999996,1159200.0,0.0009994785254634243
BIN001,2024-09-14 20:00:00,8.9,44.5,13.6,4.6,7200.0,-29.599999999999994,-0.0041111111111111105,1166400.0,-0.0030976132198307508
BIN001,2024-09-14 22:00:00,16.8,84.0,51.5,4.1,7200.0,39.5,0.005486111111111111,1173600.0,0.0010672191229505936
BIN001,2024-09-15 00:00:00,7.6,38.0,27.8,5.6,7200.0,-46.0,-0.006388888888888889,1180800.0,-0.0037786864866730134
BIN001,2024-09-15 02:00:00,12.6,63.0,44.2,6.8,7200.0,25.0,0.003472222222222222,1188000.0,-0.0011039708787676482
BIN001,2024-09-15 04:00:00,8.2,41.0,17.5,5.3,7200.0,-22.0,-0.0030555555555555557,1195200.0,-0.003458118798658469
BIN001,2024-09-15 06:00:00,18.9,85.6,10.6,0.4,7200.0,44.599999999999994,0.006194444444444443,1202400.0,0.002135413760046792
BIN001,2024-09-15 08:00:00,17.3,91.9,11.7,0.7,7200.0,6.300000000000011,0.0008750000000000015,1209600.0,0.0012894788480530776
BIN001,2024-09-15 10:00:00,8.4,42.0,41.7,4.4,7200.0,-49.900000000000006,-0.006930555555555556,1216800.0,-0.0033898353588807783
BIN001,2024-09-15 12:00:00,18.8,65.9,13.7,1.6,7200.0,23.900000000000006,0.003319444444444445,1224000.0,0.002105780643374822
BIN001,2024-09-15 14:00:00,7.9,39.5,32.4,5.1,7200.0,-26.400000000000006,-0.0036666666666666675,1231200.0,-0.0036337371265399154
BIN001,2024-09-15 16:00:00,17.8,89.0,25.8,4.3,7200.0,49.5,0.006875,1238400.0,0.001622950715346452
BIN001,2024-09-15 18:00:00,17.7,61.3,27.8,0.9,7200.0,-27.700000000000003,-0.003847222222222223,1245600.0,0.0014942085263344104
BIN001,2024-09-15 20:00:00,12.1,60.5,37.1,5.3,7200.0,-0.7999999999999972,-0.00011111111111111071,1252800.0,-0.001397737080446328
BIN001,2024-09-15 22:00:00,12.1,60.5,5.3,6.1,7200.0,0.0,0.0,1260000.0,-0.001356151181793215
BIN001,2024-09-16 00:00:00,16.3,81.5,39.6,0.2,7200.0,21.0,0.002916666666666667,1267200.0,0.0007247194231340699
BIN001,2024-09-16 02:00:00,17.4,87.0,39.8,3.8,7200.0,5.5,0.0007638888888888889,1274400.0,0.001388270357611245
BIN001,2024-09-16 04:00:00,17.1,85.5,12.9,3.5,7200.0,-1.5,-0.00020833333333333335,1281600.0,0.0012425282797605894
BIN001,2024-09-16 06:00:00,18.7,86.3,38.0,6.0,7200.0,0.7999999999999972,0.00011111111111111071,1288800.0,0.002129295122463579
BIN001,2024-09-16 08:00:00,16.8,79.1,25.5,6.8,7200.0,-7.200000000000003,-0.0010000000000000005,1296000.0,0.0011449296096902352
BIN001,2024-09-16 10:00:00,16.6,83.0,42.9,4.1,7200.0,3.9000000000000057,0.0005416666666666675,1303200.0,0.0009664516532911071
BIN001,2024-09-16 12:00:00,18.1,99.5,38.3,3.1,7200.0,16.5,0.0022916666666666667,1310400.0,0.0017465092788499156
BIN001,2024-09-16 14:00:00,14.3,71.5,43.6,3.2,7200.0,-28.0,-0.0038888888888888888,1317600.0,-0.0002778886485416722
BIN001,2024-09-16 16:00:00,16.2,64.3,22.1,0.7,7200.0,-7.200000000000003,-0.0010000000000000005,1324800.0,0.0006953187222197166
BIN001,2024-09-16 18:00:00,16.8,68.3,52.5,2.7,7200.0,4.0,0.0005555555555555556,1332000.0,0.001034939023949584
BIN001,2024-09-16 20:00:00,8.4,42.0,23.0,0.1,7200.0,-26.299999999999997,-0.0036527777777777774,1339200.0,-0.0034699302031580437
BIN001,2024-09-16 22:00:00,7.6,38.0,6.0,3.2,7200.0,-4.0,-0.0005555555555555556,1346400.0,-0.003815387679974782
BIN001,2024-09-17 00:00:00,5.5,27.5,11.7,4.1,7200.0,-10.5,-0.0014583333333333334,1353600.0,-0.004917895488426789
BIN001,2024-09-17 02:00:00,13.3,66.5,46.8,0.1,7200.0,39.0,0.005416666666666667,1360800.0,-0.0008802734186535519
BIN001,2024-09-17 04:00:00,10.0,50.0,46.5,0.9,7200.0,-16.5,-0.0022916666666666667,1368000.0,-0.002619062842595026
BIN001,2024-09-17 06:00:00,16.0,82.4,19.4,5.4,7200.0,32.400000000000006,0.0045000000000000005,1375200.0,0.000692809068834439
BIN001,2024-09-17 08:00:00,19.8,97.6,18.1,6.4,7200.0,15.199999999999989,0.0021111111111111096,1382400.0,0.0027379849938345153
BIN001,2024-09-17 10:00:00,9.8,49.0,29.9,4.0,7200.0,-48.599999999999994,-0.006749999999999999,1389600.0,-0.0026455826758754117
BIN001,2024-09-17 12:00:00,17.9,98.6,47.2,2.4,7200.0,49.599999999999994,0.006888888888888888,1396800.0,0.0016174722177198352
BIN001,2024-09-17 14:00:00,5.5,27.5,21.1,0.8,7200.0,-71.1,-0.009874999999999998,1404000.0,-0.00499717091279017
BIN001,2024-09-17 16:00:00,16.1,66.1,53.5,0.5,7200.0,38.599999999999994,0.00536111111111111,1411200.0,0.0006132316436395432
BIN001,2024-09-17 18:00:00,16.8,87.6,45.9,3.6,7200.0,21.5,0.0029861111111111113,1418400.0,0.0010589595517977082
BIN001,2024-09-17 20:00:00,17.1,85.5,50.8,4.4,7200.0,-2.0999999999999943,-0.0002916666666666659,1425600.0,0.001232245472978075
BIN001,2024-09-17 22:00:00,14.6,73.0,44.0,1.8,7200.0,-12.5,-0.001736111111111111,1432800.0,-0.0001497498989768047
BIN001,2024-09-18 00:00:00,7.2,36.0,17.7,0.6,7200.0,-37.0,-0.005138888888888889,1440000.0,-0.004094376662100209
BIN001,2024-09-18 02:00:00,8.3,41.5,8.9,4.9,7200.0,5.5,0.0007638888888888889,1447200.0,-0.003408742453555
BIN001,2024-09-18 04:00:00,8.6,43.0,41.3,4.6,7200.0,1.5,0.00020833333333333335,1454400.0,-0.003280338579745897
BIN001,2024-09-18 06:00:00,19.0,69.4,37.2,6.2,7200.0,26.400000000000006,0.0036666666666666675,1461600.0,0.0022927576052966248
BIN001,2024-09-18 08:00:00,19.0,75.1,7.3,0.6,7200.0,5.699999999999989,0.0007916666666666651,1468800.0,0.002193702927736789
BIN001,2024-09-18 10:00:00,15.9,79.5,31.3,3.2,7200.0,4.400000000000006,0.0006111111111111119,1476000.0,0.0005819884426174898
BIN001,2024-09-18 12:00:00,18.2,61.7,32.9,5.5,7200.0,-17.799999999999997,-0.002472222222222222,1483200.0,0.0018548783798579011
BIN001,2024-09-18 14:00:00,17.4,87.0,26.7,2.1,7200.0,25.299999999999997,0.0035138888888888884,1490400.0,0.0013598225660742171
BIN001,2024-09-18 16:00:00,17.0,90.9,11.6,5.8,7200.0,3.9000000000000057,0.0005416666666666675,1497600.0,0.0012388595132229833
BIN001,2024-09-18 18:00:00,17.4,84.2,47.5,5.4,7200.0,-6.700000000000003,-0.000930555555555556,1504800.0,0.0014156443680523774
BIN001,2024-09-18 20:00:00,17.7,88.5,12.5,1.7,7200.0,4.299999999999997,0.0005972222222222219,1512000.0,0.001521469159484085
BIN001,2024-09-18 22:00:00,10.0,50.0,21.1,4.3,7200.0,-38.5,-0.005347222222222222,1519200.0,-0.0025267799179993743
BIN001,2024-09-19 00:00:00,16.8,84.0,53.4,2.8,7200.0,34.0,0.004722222222222222,1526400.0,0.0010351152972432696
BIN001,2024-09-19 02:00:00,5.4,27.0,21.3,2.0,7200.0,-57.0,-0.007916666666666667,1533600.0,-0.0050253231569633
BIN001,2024-09-19 04:00:00,11.1,55.5,29.7,0.3,7200.0,28.5,0.003958333333333334,1540800.0,-0.002035019186022991
BIN001,2024-09-19 06:00:00,17.5,98.4,22.8,4.2,7200.0,42.900000000000006,0.005958333333333334,1548000.0,0.001461301731995308
BIN001,2024-09-19 08:00:00,17.4,85.3,53.0,6.8,7200.0,-13.100000000000009,-0.0018194444444444456,1555200.0,0.0014415607418773197
BIN001,2024-09-19 10:00:00,15.5,77.5,20.6,0.7,7200.0,-7.799999999999997,-0.0010833333333333328,1562400.0,0.0003222944737968185
BIN001,2024-09-19 12:00:00,18.2,83.7,19.2,1.8,7200.0,6.200000000000003,0.0008611111111111115,1569600.0,0.001784265324446947
BIN001,2024-09-19 14:00:00,15.7,78.5,12.7,0.9,7200.0,-5.200000000000003,-0.0007222222222222226,1576800.0,0.0004390143362776114
BIN001,2024-09-19 16:00:00,17.5,92.7,47.4,2.2,7200.0,14.200000000000003,0.0019722222222222224,1584000.0,0.0013988127909772535
BIN001,2024-09-19 18:00:00,19.4,70.3,41.2,5.7,7200.0,-22.400000000000006,-0.003111111111111112,1591200.0,0.0024908527219949447
BIN001,2024-09-19 20:00:00,10.9,54.5,25.6,2.8,7200.0,-15.799999999999997,-0.002194444444444444,1598400.0,-0.002084357926296779
BIN001,2024-09-19 22:00:00,9.0,45.0,11.4,6.3,7200.0,-9.5,-0.0013194444444444445,1605600.0,-0.0030087059778621545
BIN001,2024-09-20 00:00:00,13.9,69.5,19.9,0.6,7200.0,24.5,0.0034027777777777776,1612800.0,-0.0005312598658747314
BIN001,2024-09-20 02:00:00,13.0,65.0,30.0,6.5,7200.0,-4.5,-0.000625,1620000.0,-0.0008896973719612145
BIN001,2024-09-20 04:00:00,16.4,82.0,53.4,4.7,7200.0,17.0,0.002361111111111111,1627200.0,0.0008628642717485122
BIN001,2024-09-20 06:00:00,16.5,72.0,18.2,1.3,7200.0,-10.0,-0.001388888888888889,1634400.0,0.0008689195616310499
BIN001,2024-09-20 08:00:00,17.0,69.8,22.7,0.4,7200.0,-2.200000000000003,-0.00030555555555555593,1641600.0,0.001111983887491022
BIN001,2024-09-20 10:00:00,8.5,42.5,53.4,3.5,7200.0,-27.299999999999997,-0.0037916666666666663,1648800.0,-0.003368019952655241
BIN001,2024-09-20 12:00:00,18.9,89.2,23.2,5.6,7200.0,46.7,0.006486111111111112,1656000.0,0.002235842009097917
BIN001,2024-09-20 14:00:00,6.4,32.0,20.8,6.9,7200.0,-57.2,-0.007944444444444445,1663200.0,-0.004387015055624924
BIN001,2024-09-20 16:00:00,19.0,71.1,45.6,1.0,7200.0,39.099999999999994,0.005430555555555555,1670400.0,0.0021718519063285216
BIN001,2024-09-20 18:00:00,19.4,90.6,6.3,4.2,7200.0,19.5,0.0027083333333333334,1677600.0,0.0024842440703153404
BIN001,2024-09-20 20:00:00,9.3,46.5,51.2,1.9,7200.0,-44.099999999999994,-0.006124999999999999,1684800.0,-0.002975598210326387
BIN001,2024-09-20 22:00:00,9.3,46.5,52.2,1.6,7200.0,0.0,0.0,1692000.0,-0.0029829336005344547
BIN001,2024-09-21 00:00:00,19.5,97.5,39.9,2.3,7200.0,51.0,0.007083333333333333,1699200.0,0.0024703914488246534
BIN001,2024-09-21 02:00:00,13.0,65.0,23.3,2.9,7200.0,-32.5,-0.0045138888888888885,1706400.0,-0.0009634703910879278
BIN001,2024-09-21 04:00:00,19.9,99.5,26.9,3.1,7200.0,34.5,0.004791666666666666,1713600.0,0.0027104940061602172
BIN001,2024-09-21 06:00:00,19.5,96.9,14.3,1.9,7200.0,-2.5999999999999943,-0.00036111111111111034,1720800.0,0.0024810563575006755
BIN001,2024-09-21 08:00:00,18.4,69.1,19.5,7.0,7200.0,-27.80000000000001,-0.003861111111111113,1728000.0,0.0020025075998476027
BIN001,2024-09-21 10:00:00,13.3,66.5,7.5,3.5,7200.0,-2.5999999999999943,-0.00036111111111111034,1735200.0,-0.000778904187236972
BIN001,2024-09-21 12:00:00,16.2,84.8,11.6,0.0,7200.0,18.299999999999997,0.0025416666666666665,1742400.0,0.0006852769314641387
BIN001,2024-09-21 14:00:00,15.4,77.0,31.7,6.7,7200.0,-7.799999999999997,-0.0010833333333333328,1749600.0,0.00038984057148071065
BIN001,2024-09-21 16:00:00,16.8,94.9,49.9,5.9,7200.0,17.900000000000006,0.002486111111111112,1756800.0,0.00110364831631188
BIN001,2024-09-21 18:00:00,19.8,75.2,34.2,6.4,7200.0,-19.700000000000003,-0.0027361111111111115,1764000.0,0.002723138061106323
BIN001,2024-09-21 20:00:00,11.4,57.0,39.3,4.4,7200.0,-18.200000000000003,-0.002527777777777778,1771200.0,-0.001795051252630694
BIN001,2024-09-21 22:00:00,17.9,89.5,41.2,0.2,7200.0,32.5,0.0045138888888888885,1778400.0,0.0015716207221118939
BIN001,2024-09-22 00:00:00,17.9,89.5,11.4,5.5,7200.0,0.0,0.0,1785600.0,0.0017095521377717606
BIN001,2024-09-22 02:00:00,13.2,66.0,20.4,5.0,7200.0,-23.5,-0.003263888888888889,1792800.0,-0.0008097245322899104
BIN001,2024-09-22 04:00:00,8.3,41.5,16.0,1.7,7200.0,-24.5,-0.0034027777777777776,1800000.0,-0.0034861320958151027
BIN001,2024-09-22 06:00:00,17.4,68.7,48.4,5.4,7200.0,27.200000000000003,0.0037777777777777783,1807200.0,0.001412916479305911
BIN001,2024-09-22 08:00:00,16.9,95.5,21.0,7.0,7200.0,26.799999999999997,0.003722222222222222,1814400.0,0.0012024316727780524
BIN001,2024-09-22 10:00:00,15.8,79.0,27.3,6.7,7200.0,-16.5,-0.0022916666666666667,1821600.0,0.0006056008710914572
BIN001,2024-09-22 12:00:00,17.8,75.0,11.6,6.2,7200.0,-4.0,-0.0005555555555555556,1828800.0,0.0016711088987273123
BIN001,2024-09-22 14:00:00,18.6,93.0,14.0,6.1,7200.0,18.0,0.0025,1836000.0,0.0020928426115854916
BIN001,2024-09-22 16:00:00,19.2,92.4,43.6,0.9,7200.0,-0.5999999999999943,-8.333333333333254e-05,1843200.0,0.002276480995618552
BIN001,2024-09-22 18:00:00,16.8,73.6,31.2,1.1,7200.0,-18.80000000000001,-0.0026111111111111127,1850400.0,0.001012873528627254
BIN001,2024-09-22 20:00:00,10.6,53.0,48.8,0.3,7200.0,-20.599999999999994,-0.0028611111111111103,1857600.0,-0.0023178313556595533
BIN001,2024-09-22 22:00:00,9.0,45.0,50.6,5.9,7200.0,-8.0,-0.0011111111111111111,1864800.0,-0.0030490309250193227
BIN001,2024-09-23 00:00:00,15.7,78.5,29.3,0.1,7200.0,33.5,0.004652777777777777,1872000.0,0.0004069706975549526
BIN001,2024-09-23 02:00:00,13.4,67.0,43.2,5.7,7200.0,-11.5,-0.0015972222222222223,1879200.0,-0.0007060135536038816
BIN001,2024-09-23 04:00:00,13.1,65.5,6.2,5.1,7200.0,-1.5,-0.00020833333333333335,1886400.0,-0.0008505828595978451
BIN001,2024-09-23 06:00:00,16.2,89.1,49.6,2.7,7200.0,23.599999999999994,0.003277777777777777,1893600.0,0.000714017197642405
BIN001,2024-09-23 08:00:00,17.9,78.0,6.3,6.9,7200.0,-11.099999999999994,-0.0015416666666666658,1900800.0,0.0017431094274734937
BIN001,2024-09-23 10:00:00,6.9,34.5,18.1,6.3,7200.0,-43.5,-0.0060416666666666665,1908000.0,-0.004133543220412891
BIN001,2024-09-23 12:00:00,19.8,70.2,51.5,6.5,7200.0,35.7,0.004958333333333334,1915200.0,0.0027111072608143674
BIN001,2024-09-23 14:00:00,16.1,80.5,49.2,0.8,7200.0,10.299999999999997,0.0014305555555555551,1922400.0,0.0006195814964414913
BIN001,2024-09-23 16:00:00,16.8,66.4,9.8,5.3,7200.0,-14.099999999999994,-0.0019583333333333328,1929600.0,0.0011199932230302311
BIN001,2024-09-23 18:00:00,16.3,74.6,50.4,4.4,7200.0,8.199999999999989,0.0011388888888888872,1936800.0,0.0008033120976887829
BIN001,2024-09-23 20:00:00,16.8,84.0,47.6,6.0,7200.0,9.400000000000006,0.0013055555555555563,1944000.0,0.00110631199548724
BIN001,2024-09-23 22:00:00,13.2,66.0,52.9,3.5,7200.0,-18.0,-0.0025,1951200.0,-0.0008681863274547577
BIN001,2024-09-24 00:00:00,5.8,29.0,16.4,3.2,7200.0,-37.0,-0.005138888888888889,1958400.0,-0.004785465504196975
BIN001,2024-09-24 02:00:00,12.4,62.0,33.9,5.7,7200.0,33.0,0.004583333333333333,1965600.0,-0.0012317421325825154
BIN001,2024-09-24 04:00:00,13.4,67.0,35.5,1.9,7200.0,5.0,0.0006944444444444445,1972800.0,-0.000783422837331918
BIN001,2024-09-24 06:00:00,16.4,99.1,24.2,5.3,7200.0,32.099999999999994,0.004458333333333332,1980000.0,0.0008957851974220592
BIN001,2024-09-24 08:00:00,16.4,71.9,19.6,6.4,7200.0,-27.19999999999999,-0.003777777777777776,1987200.0,0.0009231660545057242
BIN001,2024-09-24 10:00:00,18.8,94.0,30.8,1.0,7200.0,22.099999999999994,0.0030694444444444437,1994400.0,0.0020744968857820643
BIN001,2024-09-24 12:00:00,19.9,71.5,46.3,6.3,7200.0,-22.5,-0.003125,2001600.0,0.0027633603885072727
BIN001,2024-09-24 14:00:00,15.2,76.0,37.4,1.7,7200.0,4.5,0.000625,2008800.0,0.000168555460048906
BIN001,2024-09-24 16:00:00,19.0,70.9,33.9,3.7,7200.0,-5.099999999999994,-0.0007083333333333325,2016000.0,0.0022371568866785783
BIN001,2024-09-24 18:00:00,18.8,94.0,38.4,2.0,7200.0,23.099999999999994,0.0032083333333333326,2023200.0,0.0020902591269924657
BIN001,2024-09-24 20:00:00,6.8,34.0,27.2,6.2,7200.0,-60.0,-0.008333333333333333,2030400.0,-0.004196703209193924
BIN001,2024-09-24 22:00:00,19.3,96.5,13.6,6.9,7200.0,62.5,0.008680555555555556,2037600.0,0.0024817482256697665
BIN001,2024-09-25 00:00:00,19.3,96.5,54.0,4.9,7200.0,0.0,0.0,2044800.0,0.0024074122465535634
BIN001,2024-09-25 02:00:00,18.1,90.5,17.8,2.8,7200.0,-6.0,-0.0008333333333333334,2052000.0,0.0017506003970777489
BIN001,2024-09-25 04:00:00,13.1,65.5,52.1,1.2,7200.0,-25.0,-0.003472222222222222,2059200.0,-0.0009715515186186985
BIN001,2024-09-25 06:00:00,16.1,70.8,54.2,0.2,7200.0,5.299999999999997,0.0007361111111111107,2066400.0,0.0006017492187117661
BIN001,2024-09-25 08:00:00,16.8,76.3,13.9,4.4,7200.0,5.5,0.0007638888888888889,2073600.0,0.0010963222036275266
BIN001,2024-09-25 10:00:00,19.3,96.5,34.1,6.1,7200.0,20.200000000000003,0.002805555555555556,2080800.0,0.002448433964752538
BIN001,2024-09-25 12:00:00,18.0,65.4,47.4,4.6,7200.0,-31.099999999999994,-0.0043194444444444435,2088000.0,0.0017137231370326338
BIN001,2024-09-25 14:00:00,18.2,91.0,11.5,0.6,7200.0,25.599999999999994,0.003555555555555555,2095200.0,0.001760485898610581
BIN001,2024-09-25 16:00:00,17.8,64.2,52.2,6.1,7200.0,-26.799999999999997,-0.003722222222222222,2102400.0,0.0016361443955911943
BIN001,2024-09-25 18:00:00,17.1,92.6,24.8,6.5,7200.0,28.39999999999999,0.003944444444444443,2109600.0,0.0012931144102808576
BIN001,2024-09-25 20:00:00,16.0,80.0,5.9,1.2,7200.0,-12.599999999999994,-0.0017499999999999992,2116800.0,0.0006067448819434725
BIN001,2024-09-25 22:00:00,10.8,54.0,31.4,6.5,7200.0,-26.0,-0.003611111111111111,2124000.0,-0.0020650799810789577
BIN001,2024-09-26 00:00:00,6.2,31.0,6.3,4.6,7200.0,-23.0,-0.0031944444444444446,2131200.0,-0.004535593405128983
BIN001,2024-09-26 02:00:00,13.2,66.0,26.2,4.1,7200.0,35.0,0.004861111111111111,2138400.0,-0.0008360524773296761
BIN001,2024-09-26 04:00:00,9.7,48.5,20.1,4.6,7200.0,-17.5,-0.0024305555555555556,2145600.0,-0.0026833928262301075
BIN001,2024-09-26 06:00:00,17.0,76.7,27.5,6.5,7200.0,28.200000000000003,0.003916666666666667,2152800.0,0.0012375416839012932
BIN001,2024-09-26 08:00:00,18.4,98.5,5.1,3.3,7200.0,21.799999999999997,0.0030277777777777772,2160000.0,0.001930094337945486
BIN001,2024-09-26 10:00:00,9.4,47.0,53.4,0.8,7200.0,-51.5,-0.007152777777777778,2167200.0,-0.0029512327512996196
BIN001,2024-09-26 12:00:00,17.7,82.5,21.0,3.6,7200.0,35.5,0.004930555555555555,2174400.0,0.0015518410096814709
BIN001,2024-09-26 14:00:00,7.1,35.5,9.1,5.6,7200.0,-47.0,-0.006527777777777778,2181600.0,-0.00403730924502055
BIN001,2024-09-26 16:00:00,16.7,78.6,34.9,1.5,7200.0,43.099999999999994,0.0059861111111111105,2188800.0,0.0009632448541049502
BIN001,2024-09-26 18:00:00,17.2,81.9,15.6,1.9,7200.0,3.3000000000000114,0.0004583333333333349,2196000.0,0.0012527211465737514
BIN001,2024-09-26 20:00:00,13.9,69.5,23.5,6.8,7200.0,-12.400000000000006,-0.001722222222222223,2203200.0,-0.0004031474449234405
BIN001,2024-09-26 22:00:00,7.9,39.5,25.2,2.3,7200.0,-30.0,-0.004166666666666667,2210400.0,-0.0036957587191767394
BIN001,2024-09-27 00:00:00,14.6,73.0,32.7,6.2,7200.0,33.5,0.004652777777777777,2217600.0,-5.074247953209751e-05
BIN001,2024-09-27 02:00:00,12.6,63.0,23.8,0.7,7200.0,-10.0,-0.001388888888888889,2224800.0,-0.0012280925789250165
BIN001,2024-09-27 04:00:00,14.3,71.5,43.1,5.1,7200.0,8.5,0.0011805555555555556,2232000.0,-0.00024235935886696234
BIN001,2024-09-27 06:00:00,19.7,67.5,47.9,3.7,7200.0,-4.0,-0.0005555555555555556,2239200.0,0.0025975430338652274
BIN001,2024-09-27 08:00:00,16.8,91.0,55.0,0.2,7200.0,23.5,0.003263888888888889,2246400.0,0.0009724870749734469
BIN001,2024-09-27 10:00:00,10.4,52.0,42.8,5.4,7200.0,-39.0,-0.005416666666666667,2253600.0,-0.002311460166702521
BIN001,2024-09-27 12:00:00,17.1,60.6,35.0,0.8,7200.0,8.600000000000001,0.0011944444444444446,2260800.0,0.0011603514243089148
BIN001,2024-09-27 14:00:00,16.5,82.5,30.4,0.9,7200.0,21.9,0.0030416666666666665,2268000.0,0.0008466437169571232
BIN001,2024-09-27 16:00:00,18.4,78.8,25.6,4.8,7200.0,-3.700000000000003,-0.0005138888888888892,2275200.0,0.0019463162126649551
BIN001,2024-09-27 18:00:00,19.3,60.9,43.7,3.3,7200.0,-17.9,-0.002486111111111111,2282400.0,0.002378859543950264
BIN001,2024-09-27 20:00:00,10.0,50.0,22.3,6.6,7200.0,-10.899999999999999,-0.0015138888888888886,2289600.0,-0.0024828743286051756
BIN001,2024-09-27 22:00:00,5.5,27.5,52.0,5.9,7200.0,-22.5,-0.003125,2296800.0,-0.00491583009481719
BIN001,2024-09-28 00:00:00,18.1,90.5,20.5,6.7,7200.0,63.0,0.00875,2304000.0,0.0018316614783037838
BIN001,2024-09-28 02:00:00,12.9,64.5,46.3,5.9,7200.0,-26.0,-0.003611111111111111,2311200.0,-0.000973059916669035
BIN001,2024-09-28 04:00:00,7.3,36.5,31.7,1.1,7200.0,-28.0,-0.0038888888888888888,2318400.0,-0.004046880115920344
BIN001,2024-09-28 06:00:00,17.2,92.1,31.2,4.3,7200.0,55.599999999999994,0.0077222222222222215,2325600.0,0.0012921541290504789
BIN001,2024-09-28 08:00:00,19.4,88.9,20.7,2.6,7200.0,-3.1999999999999886,-0.00044444444444444284,2332800.0,0.002434047101240653
BIN001,2024-09-28 10:00:00,14.7,73.5,48.6,0.2,7200.0,-15.400000000000006,-0.00213888888888889,2340000.0,-0.00014095644356471905
BIN001,2024-09-28 12:00:00,16.2,61.1,50.0,0.4,7200.0,-12.399999999999999,-0.001722222222222222,2347200.0,0.0006606270582000008
BIN001,2024-09-28 14:00:00,10.3,51.5,47.4,4.0,7200.0,-9.600000000000001,-0.0013333333333333335,2354400.0,-0.0023993182410772746
BIN001,2024-09-28 16:00:00,16.1,76.1,43.5,2.2,7200.0,24.599999999999994,0.003416666666666666,2361600.0,0.0006514082232494944
BIN001,2024-09-28 18:00:00,18.9,90.4,8.5,1.3,7200.0,14.300000000000011,0.0019861111111111125,2368800.0,0.002148711958182895
BIN001,2024-09-28 20:00:00,18.2,91.0,52.9,2.6,7200.0,0.5999999999999943,8.333333333333254e-05,2376000.0,0.0017705356343153868
BIN001,2024-09-28 22:00:00,11.7,58.5,5.6,4.0,7200.0,-32.5,-0.0045138888888888885,2383200.0,-0.0016225300215164922
BIN001,2024-09-29 00:00:00,12.6,63.0,48.5,6.8,7200.0,4.5,0.000625,2390400.0,-0.0011153672999115894
BIN001,2024-09-29 02:00:00,8.8,44.0,14.2,1.5,7200.0,-19.0,-0.002638888888888889,2397600.0,-0.0032270289451782662
BIN001,2024-09-29 04:00:00,20.0,100.0,53.8,4.7,7200.0,56.0,0.0077777777777777776,2404800.0,0.002773346992605799
BIN001,2024-09-29 06:00:00,19.5,75.1,35.2,0.2,7200.0,-24.900000000000006,-0.003458333333333334,2412000.0,0.0024234876253229655
BIN001,2024-09-29 08:00:00,17.9,76.7,32.4,5.0,7200.0,1.6000000000000085,0.0002222222222222234,2419200.0,0.0016783947444474236
BIN001,2024-09-29 10:00:00,17.4,87.0,17.1,1.7,7200.0,10.299999999999997,0.0014305555555555551,2426400.0,0.0013521189801672488
BIN001,2024-09-29 12:00:00,19.2,66.8,41.2,2.4,7200.0,-20.200000000000003,-0.002805555555555556,2433600.0,0.0023069466166362722
BIN001,2024-09-29 14:00:00,6.6,33.0,38.4,6.8,7200.0,-33.8,-0.004694444444444444,2440800.0,-0.0043014074982656615
BIN001,2024-09-29 16:00:00,17.3,74.7,54.1,3.2,7200.0,41.7,0.005791666666666667,2448000.0,0.001303174610985747
BIN001,2024-09-29 18:00:00,17.4,88.0,53.1,1.9,7200.0,13.299999999999997,0.0018472222222222219,2455200.0,0.0013288379156793685
BIN001,2024-09-29 20:00:00,18.8,94.0,14.9,0.8,7200.0,6.0,0.0008333333333333334,2462400.0,0.002079104636326332
BIN001,2024-09-29 22:00:00,8.6,43.0,38.3,5.4,7200.0,-51.0,-0.007083333333333333,2469600.0,-0.003267508366305511
BIN001,2024-09-30 00:00:00,10.4,52.0,54.8,2.3,7200.0,9.0,0.00125,2476800.0,-0.0023895341842970408
BIN001,2024-09-30 02:00:00,12.7,63.5,18.5,0.5,7200.0,11.5,0.0015972222222222223,2484000.0,-0.0011769300847366522
BIN001,2024-09-30 04:00:00,12.2,61.0,8.1,6.1,7200.0,-2.5,-0.00034722222222222224,2491200.0,-0.0013133756074706435
BIN001,2024-09-30 06:00:00,19.4,60.5,28.4,4.2,7200.0,-0.5,-6.944444444444444e-05,2498400.0,0.0024618586787848312
BIN001,2024-09-30 08:00:00,19.5,73.0,24.5,0.9,7200.0,12.5,0.001736111111111111,2505600.0,0.002446234463780851
BIN001,2024-09-30 10:00:00,19.9,99.5,13.5,6.6,7200.0,26.5,0.0036805555555555554,2512800.0,0.0027914306908304806
BIN001,2024-09-30 12:00:00,19.9,69.7,23.8,3.7,7200.0,-29.799999999999997,-0.004138888888888888,2520000.0,0.002720460603077183
BIN001,2024-09-30 14:00:00,12.9,64.5,31.0,6.3,7200.0,-5.200000000000003,-0.0007222222222222226,2527200.0,-0.0009541584876906293
BIN001,2024-09-30 16:00:00,17.3,86.5,24.5,0.6,7200.0,22.0,0.0030555555555555557,2534400.0,0.001268602998930387
BIN001,2024-09-30 18:00:00,16.4,93.9,50.4,4.1,7200.0,7.400000000000006,0.0010277777777777785,2541600.0,0.0008459267756359048
BIN001,2024-09-30 20:00:00,17.6,88.0,53.2,2.7,7200.0,-5.900000000000006,-0.0008194444444444452,2548800.0,0.0014519753068468946
BIN001,2024-09-30 22:00:00,12.0,60.0,36.0,1.0,7200.0,-28.0,-0.0038888888888888888,2556000.0,-0.0015524419881238916
BIN001,2024-10-01 00:00:00,8.8,44.0,23.0,3.9,7200.0,-16.0,-0.0022222222222222222,2563200.0,-0.0031826566324928965
BIN001,2024-10-01 02:00:00,16.4,82.0,41.9,4.2,7200.0,38.0,0.005277777777777778,2570400.0,0.0008543852137075474
BIN001,2024-10-01 04:00:00,16.9,84.5,19.6,1.3,7200.0,2.5,0.00034722222222222224,2577600.0,0.0010743767126263418
BIN001,2024-10-01 06:00:00,17.9,75.6,41.8,3.5,7200.0,-8.900000000000006,-0.0012361111111111119,2584800.0,0.0016374893266433276
BIN001,2024-10-01 08:00:00,18.1,78.6,9.0,1.7,7200.0,3.0,0.0004166666666666667,2592000.0,0.0017297369507818638
BIN001,2024-10-01 10:00:00,9.8,49.0,10.0,3.4,7200.0,-29.599999999999994,-0.0041111111111111105,2599200.0,-0.0026516336877296393
BIN001,2024-10-01 12:00:00,19.1,75.1,23.7,6.3,7200.0,26.099999999999994,0.0036249999999999993,2606400.0,0.0023507140588424225
BIN001,2024-10-01 14:00:00,8.8,44.0,28.2,6.8,7200.0,-31.099999999999994,-0.0043194444444444435,2613600.0,-0.003123888369331064
BIN001,2024-10-01 16:00:00,19.1,62.5,38.3,6.2,7200.0,18.5,0.0025694444444444445,2620800.0,0.002337314971050164
BIN001,2024-10-01 18:00:00,18.6,94.8,37.8,4.3,7200.0,32.3,0.004486111111111111,2628000.0,0.0020302081849307187
BIN001,2024-10-01 20:00:00,6.8,34.0,9.0,2.5,7200.0,-60.8,-0.008444444444444444,2635200.0,-0.004267387256767994
BIN001,2024-10-01 22:00:00,17.9,89.5,25.3,5.3,7200.0,55.5,0.0077083333333333335,2642400.0,0.0016888232788299078
BIN001,2024-10-02 00:00:00,12.7,63.5,47.5,6.8,7200.0,-26.0,-0.003611111111111111,2649600.0,-0.0010631321591071585
BIN001,2024-10-02 02:00:00,19.9,99.5,37.8,2.4,7200.0,36.0,0.005,2656800.0,0.002680593669846427
BIN001,2024-10-02 04:00:00,17.8,89.0,50.1,4.6,7200.0,-10.5,-0.0014583333333333334,2664000.0,0.0016013293485139055
BIN001,2024-10-02 06:00:00,19.2,79.4,53.2,5.8,7200.0,-9.599999999999994,-0.0013333333333333326,2671200.0,0.0023701427916876863
BIN001,2024-10-02 08:00:00,18.4,67.6,9.5,0.4,7200.0,-11.800000000000011,-0.0016388888888888905,2678400.0,0.001860168846046244
BIN001,2024-10-02 10:00:00,15.9,79.5,44.8,2.8,7200.0,11.900000000000006,0.0016527777777777786,2685600.0,0.000554832355236571
BIN001,2024-10-02 12:00:00,18.6,79.2,16.0,5.8,7200.0,-0.29999999999999716,-4.166666666666627e-05,2692800.0,0.0020790081094349874
BIN001,2024-10-02 14:00:00,5.3,26.5,49.1,1.5,7200.0,-52.7,-0.007319444444444445,2700000.0,-0.00511848403547047
BIN001,2024-10-02 16:00:00,17.1,92.1,11.4,3.5,7200.0,65.6,0.00911111111111111,2707200.0,0.0012340449850473233
BIN001,2024-10-02 18:00:00,17.1,75.0,37.1,3.4,7200.0,-17.099999999999994,-0.002374999999999999,2714400.0,0.0012122349723243178
BIN001,2024-10-02 20:00:00,13.0,65.0,11.5,2.0,7200.0,-10.0,-0.001388888888888889,2721600.0,-0.0009809065326284987
BIN001,2024-10-02 22:00:00,8.5,42.5,7.1,1.8,7200.0,-22.5,-0.003125,2728800.0,-0.0033769995538432043
BIN001,2024-10-03 00:00:00,6.9,34.5,40.9,5.8,7200.0,-8.0,-0.0011111111111111111,2736000.0,-0.004167385132910869
BIN001,2024-10-03 02:00:00,13.0,65.0,20.6,5.9,7200.0,30.5,0.0042361111111111115,2743200.0,-0.0009031672318876348
BIN001,2024-10-03 04:00:00,6.4,32.0,34.2,5.4,7200.0,-33.0,-0.004583333333333333,2750400.0,-0.00443719213414901
BIN001,2024-10-03 06:00:00,17.5,81.3,20.2,3.4,7200.0,49.3,0.0068472222222222216,2757600.0,0.0014377162591510048
BIN001,2024-10-03 08:00:00,18.4,65.7,51.4,5.2,7200.0,-15.599999999999994,-0.0021666666666666657,2764800.0,0.0019320469615244015
BIN001,2024-10-03 10:00:00,19.9,99.5,31.2,4.8,7200.0,33.8,0.004694444444444444,2772000.0,0.0027370429764526708
BIN001,2024-10-03 12:00:00,16.3,80.1,14.3,6.6,7200.0,-19.400000000000006,-0.002694444444444445,2779200.0,0.0008729837325144509
BIN001,2024-10-03 14:00:00,11.7,58.5,23.9,0.7,7200.0,-21.599999999999994,-0.002999999999999999,2786400.0,-0.0017109706328820437
BIN001,2024-10-03 16:00:00,17.8,62.5,8.0,1.0,7200.0,4.0,0.0005555555555555556,2793600.0,0.0015542437026536751
BIN001,2024-10-03 18:00:00,16.2,64.4,26.6,3.5,7200.0,1.9000000000000057,0.0002638888888888897,2800800.0,0.0007428191103045403
BIN001,2024-10-03 20:00:00,12.5,62.5,27.2,3.8,7200.0,-1.9000000000000057,-0.0002638888888888897,2808000.0,-0.0012204237929676924
BIN001,2024-10-03 22:00:00,5.0,25.0,37.6,5.3,7200.0,-37.5,-0.005208333333333333,2815200.0,-0.005187521830839923
BIN001,2024-10-04 00:00:00,19.1,95.5,50.7,0.8,7200.0,70.5,0.009791666666666667,2822400.0,0.0022090596394355785
BIN001,2024-10-04 02:00:00,13.5,67.5,30.7,2.1,7200.0,-28.0,-0.0038888888888888888,2829600.0,-0.0007279772105825916
BIN001,2024-10-04 04:00:00,13.6,68.0,30.0,4.7,7200.0,0.5,6.944444444444444e-05,2836800.0,-0.0006177220843317545
BIN001,2024-10-04 06:00:00,18.4,71.1,44.1,1.1,7200.0,3.0999999999999943,0.00043055555555555474,2844000.0,0.0018479054159108131
BIN001,2024-10-04 08:00:00,19.7,77.5,54.0,0.5,7200.0,6.400000000000006,0.0008888888888888897,2851200.0,0.002519165244228773
BIN001,2024-10-04 10:00:00,17.8,89.0,5.4,1.8,7200.0,11.5,0.0015972222222222223,2858400.0,0.0015731867185244056
BIN001,2024-10-04 12:00:00,18.9,76.5,11.8,0.1,7200.0,-12.5,-0.001736111111111111,2865600.0,0.0021167436752203787
BIN001,2024-10-04 14:00:00,16.5,82.5,47.6,1.0,7200.0,6.0,0.0008333333333333334,2872800.0,0.00083162615904743
BIN001,2024-10-04 16:00:00,18.4,69.6,19.3,3.4,7200.0,-12.900000000000006,-0.0017916666666666675,2880000.0,0.0019165852460712122
BIN001,2024-10-04 18:00:00,17.9,72.0,36.9,6.7,7200.0,2.4000000000000057,0.00033333333333333414,2887200.0,0.001708778013027129
BIN001,2024-10-04 20:00:00,10.3,51.5,33.1,1.9,7200.0,-20.5,-0.0028472222222222223,2894400.0,-0.002437738857026834
BIN001,2024-10-04 22:00:00,9.5,47.5,38.4,3.2,7200.0,-4.0,-0.0005555555555555556,2901600.0,-0.0028393395365740306
BIN001,2024-10-05 00:00:00,18.3,91.5,22.5,2.1,7200.0,44.0,0.006111111111111111,2908800.0,0.0018324552103517536
BIN001,2024-10-05 02:00:00,12.4,62.0,28.1,2.8,7200.0,-29.5,-0.004097222222222223,2916000.0,-0.0012968111039365626
BIN001,2024-10-05 04:00:00,19.7,98.5,48.1,3.1,7200.0,36.5,0.005069444444444444,2923200.0,0.002579722544582117
BIN001,2024-10-05 06:00:00,19.7,80.5,11.7,5.7,7200.0,-18.0,-0.0025,2930400.0,0.002663962103631434
BIN001,2024-10-05 08:00:00,16.5,96.3,39.7,3.8,7200.0,15.799999999999997,0.002194444444444444,2937600.0,0.0008981060871096
BIN001,2024-10-05 10:00:00,13.8,69.0,11.0,0.7,7200.0,-27.299999999999997,-0.0037916666666666663,2944800.0,-0.0005845198281974667
BIN001,2024-10-05 12:00:00,17.5,80.0,41.1,5.0,7200.0,11.0,0.0015277777777777779,2952000.0,0.0014552733647541609
BIN001,2024-10-05 14:00:00,11.4,57.0,11.2,3.4,7200.0,-23.0,-0.0031944444444444446,2959200.0,-0.0018034065504303745
BIN001,2024-10-05 16:00:00,16.7,70.9,30.2,0.5,7200.0,13.900000000000006,0.0019305555555555565,2966400.0,0.0009398271823860532
BIN001,2024-10-05 18:00:00,18.0,84.5,13.0,6.1,7200.0,13.599999999999994,0.001888888888888888,2973600.0,0.0017665832699498198
BIN001,2024-10-05 20:00:00,7.0,35.0,54.6,6.5,7200.0,-49.5,-0.006875,2980800.0,-0.0041110317494536495
BIN001,2024-10-05 22:00:00,14.9,74.5,15.6,4.6,7200.0,39.5,0.005486111111111111,2988000.0,8.195933149224115e-05
BIN001,2024-10-06 00:00:00,11.0,55.0,18.2,4.9,7200.0,-19.5,-0.0027083333333333334,2995200.0,-0.0019892543902132256
BIN001,2024-10-06 02:00:00,19.7,98.5,50.5,0.4,7200.0,43.5,0.0060416666666666665,3002400.0,0.002518636794412008
BIN001,2024-10-06 04:00:00,19.6,98.0,51.1,2.3,7200.0,-0.5,-6.944444444444444e-05,3009600.0,0.002506230402209165
BIN001,2024-10-06 06:00:00,19.6,90.3,38.1,5.9,7200.0,-7.700000000000003,-0.001069444444444445,3016800.0,0.0025943851643707334
BIN001,2024-10-06 08:00:00,17.6,90.6,40.9,1.0,7200.0,0.29999999999999716,4.166666666666627e-05,3024000.0,0.001421167550069019
BIN001,2024-10-06 10:00:00,9.9,49.5,35.1,3.0,7200.0,-41.099999999999994,-0.005708333333333333,3031200.0,-0.0026291562857088937
BIN001,2024-10-06 12:00:00,17.7,67.8,9.6,1.3,7200.0,18.299999999999997,0.0025416666666666665,3038400.0,0.0015046726401426094
BIN001,2024-10-06 14:00:00,8.8,44.0,20.0,4.4,7200.0,-23.799999999999997,-0.003305555555555555,3045600.0,-0.0031727532956993595
BIN001,2024-10-06 16:00:00,16.3,81.0,24.1,5.2,7200.0,37.0,0.005138888888888889,3052800.0,0.0008332190713260211
BIN001,2024-10-06 18:00:00,18.8,90.3,39.0,4.0,7200.0,9.299999999999997,0.0012916666666666662,3060000.0,0.002126298451423746
BIN001,2024-10-06 20:00:00,8.5,42.5,24.1,6.8,7200.0,-47.8,-0.006638888888888889,3067200.0,-0.003283496507347817
BIN001,2024-10-06 22:00:00,10.0,50.0,30.5,4.1,7200.0,7.5,0.0010416666666666667,3074400.0,-0.00254879523327947
BIN001,2024-10-07 00:00:00,14.3,71.5,17.7,0.6,7200.0,21.5,0.0029861111111111113,3081600.0,-0.000326608234541813
BIN001,2024-10-07 02:00:00,13.1,65.5,22.9,2.0,7200.0,-6.0,-0.0008333333333333334,3088800.0,-0.0009388509711734808
BIN001,2024-10-07 04:00:00,8.3,41.5,26.3,4.8,7200.0,-24.0,-0.0033333333333333335,3096000.0,-0.0034353118949577563
BIN001,2024-10-07 06:00:00,19.2,93.1,50.5,1.2,7200.0,51.599999999999994,0.007166666666666666,3103200.0,0.002269238761850631
BIN001,2024-10-07 08:00:00,17.7,82.2,5.3,6.8,7200.0,-10.899999999999991,-0.0015138888888888878,3110400.0,0.0016270821693558247
BIN001,2024-10-07 10:00:00,8.9,44.5,50.6,6.2,7200.0,-37.7,-0.0052361111111111115,3117600.0,-0.003104189193253771
BIN001,2024-10-07 12:00:00,19.0,90.1,22.0,5.7,7200.0,45.599999999999994,0.006333333333333332,3124800.0,0.0022822365383877302
BIN001,2024-10-07 14:00:00,11.6,58.0,35.3,3.4,7200.0,-32.099999999999994,-0.004458333333333332,3132000.0,-0.0017164939366405233
BIN001,2024-10-07 16:00:00,18.0,72.0,14.2,1.7,7200.0,14.0,0.0019444444444444444,3139200.0,0.0016688556221223557
BIN001,2024-10-07 18:00:00,18.8,78.9,39.9,3.0,7200.0,6.900000000000006,0.0009583333333333341,3146400.0,0.0021032802843366765
BIN001,2024-10-07 20:00:00,8.7,43.5,49.8,4.5,7200.0,-35.400000000000006,-0.004916666666666667,3153600.0,-0.003247242185717987
BIN001,2024-10-07 22:00:00,17.3,86.5,11.1,3.1,7200.0,43.0,0.0059722222222222225,3160800.0,0.0013289576938580131
BIN001,2024-10-08 00:00:00,6.9,34.5,27.7,1.3,7200.0,-52.0,-0.007222222222222222,3168000.0,-0.004258112008336592
BIN001,2024-10-08 02:00:00,15.7,78.5,21.8,3.4,7200.0,44.0,0.006111111111111111,3175200.0,0.00047565780135328667
BIN001,2024-10-08 04:00:00,14.9,74.5,30.0,1.2,7200.0,-4.0,-0.0005555555555555556,3182400.0,-4.273952925487601e-06
BIN001,2024-10-08 06:00:00,17.6,80.0,8.2,2.1,7200.0,5.5,0.0007638888888888889,3189600.0,0.0014688943997854965
BIN001,2024-10-08 08:00:00,16.3,63.2,42.4,6.4,7200.0,-16.799999999999997,-0.002333333333333333,3196800.0,0.000844398487451074
BIN001,2024-10-08 10:00:00,19.6,98.0,16.3,1.9,7200.0,34.8,0.004833333333333333,3204000.0,0.002522739978806733
BIN001,2024-10-08 12:00:00,19.0,89.2,18.9,3.3,7200.0,-8.799999999999997,-0.0012222222222222218,3211200.0,0.002231818485952929
BIN001,2024-10-08 14:00:00,19.4,97.0,8.2,5.5,7200.0,7.799999999999997,0.0010833333333333328,3218400.0,0.0025006651529641457
BIN001,2024-10-08 16:00:00,18.5,85.7,50.7,1.1,7200.0,-11.299999999999997,-0.001569444444444444,3225600.0,0.001893521921203822
BIN001,2024-10-08 18:00:00,16.6,80.2,17.0,2.2,7200.0,-5.5,-0.0007638888888888889,3232800.0,0.0009318380249953816
BIN001,2024-10-08 20:00:00,19.7,98.5,13.6,0.9,7200.0,18.299999999999997,0.0025416666666666665,3240000.0,0.0025560290655984794
BIN001,2024-10-08 22:00:00,15.7,78.5,20.6,1.2,7200.0,-20.0,-0.002777777777777778,3247200.0,0.0004282387231545632
BIN001,2024-10-09 00:00:00,5.2,26.0,21.2,2.3,7200.0,-52.5,-0.007291666666666667,3254400.0,-0.00513678870813028
BIN001,2024-10-09 02:00:00,11.8,59.0,7.4,4.0,7200.0,33.0,0.004583333333333333,3261600.0,-0.0015766100163748346
BIN001,2024-10-09 04:00:00,5.8,29.0,7.8,1.2,7200.0,-30.0,-0.004166666666666667,3268800.0,-0.004831257513185259
BIN001,2024-10-09 06:00:00,17.5,90.0,38.7,0.1,7200.0,61.0,0.008472222222222223,3276000.0,0.001348345326506203
BIN001,2024-10-09 08:00:00,18.3,98.4,13.6,5.3,7200.0,8.400000000000006,0.0011666666666666674,3283200.0,0.0019063061952088386
BIN001,2024-10-09 10:00:00,14.2,71.0,25.3,3.5,7200.0,-27.400000000000006,-0.0038055555555555564,3290400.0,-0.0003239619585208766
BIN001,2024-10-09 12:00:00,17.6,72.0,19.2,0.3,7200.0,1.0,0.0001388888888888889,3297600.0,0.0014206338862548813
BIN001,2024-10-09 14:00:00,9.5,47.5,30.9,4.5,7200.0,-24.5,-0.0034027777777777776,3304800.0,-0.0028080727826015773
BIN001,2024-10-09 16:00:00,19.3,60.4,23.1,1.0,7200.0,12.899999999999999,0.0017916666666666665,3312000.0,0.0023375844608999555
BIN001,2024-10-09 18:00:00,19.8,80.0,20.7,4.9,7200.0,19.6,0.0027222222222222222,3319200.0,0.0026903018315908283
BIN001,2024-10-09 20:00:00,14.3,71.5,48.8,3.1,7200.0,-8.5,-0.0011805555555555556,3326400.0,-0.00029759114165751367
BIN001,2024-10-09 22:00:00,13.5,67.5,32.9,2.3,7200.0,-4.0,-0.0005555555555555556,3333600.0,-0.0007287074094816329
BIN001,2024-10-10 00:00:00,17.7,88.5,16.6,6.1,7200.0,21.0,0.002916666666666667,3340800.0,0.0016016902227612064
BIN001,2024-10-10 02:00:00,14.7,73.5,46.9,6.6,7200.0,-15.0,-0.0020833333333333333,3348000.0,-7.274890939653472e-06
BIN001,2024-10-10 04:00:00,13.9,69.5,18.6,3.7,7200.0,-4.0,-0.0005555555555555556,3355200.0,-0.000474613412156032
BIN001,2024-10-10 06:00:00,16.9,93.2,43.6,2.3,7200.0,23.700000000000003,0.003291666666666667,3362400.0,0.0010725352193135338
BIN001,2024-10-10 08:00:00,18.8,96.1,33.8,3.5,7200.0,2.8999999999999915,0.0004027777777777766,3369600.0,0.0021172964647534834
BIN001,2024-10-10 10:00:00,8.8,44.0,49.0,2.8,7200.0,-52.099999999999994,-0.007236111111111111,3376800.0,-0.003231889396381988
BIN001,2024-10-10 12:00:00,19.8,85.5,27.7,2.0,7200.0,41.5,0.005763888888888889,3384000.0,0.002621457794719742
BIN001,2024-10-10 14:00:00,9.5,47.5,46.8,2.5,7200.0,-38.0,-0.005277777777777778,3391200.0,-0.0028642716005769136
BIN001,2024-10-10 16:00:00,18.3,90.3,53.5,2.1,7200.0,42.8,0.005944444444444444,3398400.0,0.0018055233956845614
BIN001,2024-10-10 18:00:00,16.1,78.1,32.3,6.1,7200.0,-12.200000000000003,-0.0016944444444444448,3405600.0,0.0007377147445030516
BIN001,2024-10-10 20:00:00,16.7,83.5,20.2,6.4,7200.0,5.400000000000006,0.0007500000000000008,3412800.0,0.0010727521701595563
BIN001,2024-10-10 22:00:00,12.8,64.0,51.4,0.4,7200.0,-19.5,-0.0027083333333333334,3420000.0,-0.0011572758758805401
BIN001,2024-10-11 00:00:00,18.3,91.5,8.7,6.4,7200.0,27.5,0.0038194444444444443,3427200.0,0.0019329919358301566
BIN001,2024-10-11 02:00:00,18.1,90.5,36.0,4.0,7200.0,-1.0,-0.0001388888888888889,3434400.0,0.001753493631781504
BIN001,2024-10-11 04:00:00,9.9,49.5,20.7,1.6,7200.0,-41.0,-0.005694444444444445,3441600.0,-0.0026514013706032454
BIN001,2024-10-11 06:00:00,19.7,75.9,53.7,2.5,7200.0,26.400000000000006,0.0036666666666666675,3448800.0,0.0025588562101796167
BIN001,2024-10-11 08:00:00,17.2,69.6,17.3,2.7,7200.0,-6.300000000000011,-0.0008750000000000015,3456000.0,0.0012603163598675447
BIN001,2024-10-11 10:00:00,19.6,98.0,12.7,1.0,7200.0,28.400000000000006,0.003944444444444445,3463200.0,0.002504159394307868
BIN001,2024-10-11 12:00:00,16.0,71.5,27.0,2.1,7200.0,-26.5,-0.0036805555555555554,3470400.0,0.0006010977893061015
BIN001,2024-10-11 14:00:00,14.4,72.0,6.8,6.3,7200.0,0.5,6.944444444444444e-05,3477600.0,-0.00014378348675639276
BIN001,2024-10-11 16:00:00,17.6,78.1,23.4,3.2,7200.0,6.099999999999994,0.0008472222222222214,3484800.0,0.0014792405176794494
BIN001,2024-10-11 18:00:00,18.4,91.3,42.3,6.1,7200.0,13.200000000000003,0.0018333333333333337,3492000.0,0.0019536457394986537
BIN001,2024-10-11 20:00:00,9.9,49.5,18.7,0.1,7200.0,-41.8,-0.005805555555555555,3499200.0,-0.0026828893300937587
BIN001,2024-10-11 22:00:00,12.8,64.0,17.3,0.8,7200.0,14.5,0.002013888888888889,3506400.0,-0.0011231714372223695
BIN001,2024-10-12 00:00:00,11.9,59.5,29.9,1.1,7200.0,-4.5,-0.000625,3513600.0,-0.001605307723862694
BIN001,2024-10-12 02:00:00,16.2,81.0,9.3,4.0,7200.0,21.5,0.0029861111111111113,3520800.0,0.0007620163651993299
BIN001,2024-10-12 04:00:00,9.1,45.5,36.6,1.4,7200.0,-35.5,-0.004930555555555555,3528000.0,-0.0030942385903934755
BIN001,2024-10-12 06:00:00,17.9,72.9,9.6,4.2,7200.0,27.400000000000006,0.0038055555555555564,3535200.0,0.0016708361578980282
BIN001,2024-10-12 08:00:00,18.5,70.3,11.3,2.3,7200.0,-2.6000000000000085,-0.0003611111111111123,3542400.0,0.001947508875488356
BIN001,2024-10-12 10:00:00,19.9,99.5,54.8,5.7,7200.0,29.200000000000003,0.004055555555555556,3549600.0,0.002733380066586126
BIN001,2024-10-12 12:00:00,16.7,71.1,7.3,3.0,7200.0,-28.400000000000006,-0.003944444444444445,3556800.0,0.0010076651199891259
BIN001,2024-10-12 14:00:00,11.6,58.0,13.4,0.5,7200.0,-13.099999999999994,-0.0018194444444444436,3564000.0,-0.0017657922224932785
BIN001,2024-10-12 16:00:00,17.7,88.3,44.6,0.6,7200.0,30.299999999999997,0.004208333333333333,3571200.0,0.0014591764451845207
BIN001,2024-10-12 18:00:00,19.7,70.0,11.9,0.1,7200.0,-18.299999999999997,-0.0025416666666666665,3578400.0,0.0025376405304295465
BIN001,2024-10-12 20:00:00,15.8,79.0,27.3,2.9,7200.0,9.0,0.00125,3585600.0,0.0005110437478423116
BIN001,2024-10-12 22:00:00,8.7,43.5,6.0,2.0,7200.0,-35.5,-0.004930555555555555,3592800.0,-0.0032711991053126863
BIN001,2024-10-13 00:00:00,7.9,39.5,14.4,0.9,7200.0,-4.0,-0.0005555555555555556,3600000.0,-0.0037273595649127897
BIN001,2024-10-13 02:00:00,18.7,93.5,36.9,6.1,7200.0,54.0,0.0075,3607200.0,0.0021166531605624206
BIN001,2024-10-13 04:00:00,9.9,49.5,23.6,6.7,7200.0,-44.0,-0.006111111111111111,3614400.0,-0.0025438593069264086
BIN001,2024-10-13 06:00:00,19.6,78.8,32.0,0.7,7200.0,29.299999999999997,0.004069444444444444,3621600.0,0.0024818561992369353
BIN001,2024-10-13 08:00:00,17.8,99.3,9.6,6.2,7200.0,20.5,0.0028472222222222223,3628800.0,0.001660478499047699
BIN001,2024-10-13 10:00:00,6.4,32.0,18.9,5.5,7200.0,-67.3,-0.009347222222222222,3636000.0,-0.004429336882507309
BIN001,2024-10-13 12:00:00,19.9,79.6,40.0,7.0,7200.0,47.599999999999994,0.00661111111111111,3643200.0,0.0027723009025013862
BIN001,2024-10-13 14:00:00,17.2,86.0,17.4,5.2,7200.0,6.400000000000006,0.0008888888888888897,3650400.0,0.0013132995348317245
BIN001,2024-10-13 16:00:00,18.4,84.6,12.1,4.4,7200.0,-1.4000000000000057,-0.00019444444444444525,3657600.0,0.001938570547643419
BIN001,2024-10-13 18:00:00,18.9,73.6,28.3,3.2,7200.0,-11.0,-0.0015277777777777779,3664800.0,0.0021661934067789095
BIN001,2024-10-13 20:00:00,5.1,25.5,18.2,0.6,7200.0,-48.099999999999994,-0.006680555555555555,3672000.0,-0.005227518530186151
BIN001,2024-10-13 22:00:00,7.8,39.0,29.4,6.5,7200.0,13.5,0.001875,3679200.0,-0.0036707559949038767
BIN001,2024-10-14 00:00:00,10.6,53.0,15.6,1.9,7200.0,14.0,0.0019444444444444444,3686400.0,-0.002270079916727962
BIN001,2024-10-14 02:00:00,14.0,70.0,41.2,6.5,7200.0,17.0,0.002361111111111111,3693600.0,-0.0003800023930522027
BIN001,2024-10-14 04:00:00,12.0,60.0,24.3,1.5,7200.0,-10.0,-0.001388888888888889,3700800.0,-0.0015403811064830727
BIN001,2024-10-14 06:00:00,17.9,80.2,54.5,5.6,7200.0,20.200000000000003,0.002805555555555556,3708000.0,0.001665898447272036
BIN001,2024-10-14 08:00:00,19.8,87.1,12.4,0.2,7200.0,6.8999999999999915,0.0009583333333333322,3715200.0,0.0025917338888543934
BIN001,2024-10-14 10:00:00,17.0,85.0,36.7,4.1,7200.0,-2.0999999999999943,-0.0002916666666666659,3722400.0,0.0011677341179226822
BIN001,2024-10-14 12:00:00,19.4,87.4,5.0,4.9,7200.0,2.4000000000000057,0.00033333333333333414,3729600.0,0.0024866027208109934
BIN001,2024-10-14 14:00:00,7.8,39.0,21.2,1.3,7200.0,-48.400000000000006,-0.006722222222222223,3736800.0,-0.0037779894947700347
BIN001,2024-10-14 16:00:00,18.7,73.8,32.1,2.6,7200.0,34.8,0.004833333333333333,3744000.0,0.0020432666650336655
BIN001,2024-10-14 18:00:00,16.1,71.2,46.9,6.0,7200.0,-2.5999999999999943,-0.00036111111111111034,3751200.0,0.0007220792026285602
BIN001,2024-10-14 20:00:00,18.1,90.5,22.6,1.7,7200.0,19.299999999999997,0.002680555555555555,3758400.0,0.001711495896839695
BIN001,2024-10-14 22:00:00,16.5,82.5,34.3,5.4,7200.0,-8.0,-0.0011111111111111111,3765600.0,0.0009314285420587258
BIN001,2024-10-15 00:00:00,11.7,58.5,6.1,5.3,7200.0,-24.0,-0.0033333333333333335,3772800.0,-0.0016040209795104097
BIN001,2024-10-15 02:00:00,7.6,38.0,41.0,0.8,7200.0,-20.5,-0.0028472222222222223,3780000.0,-0.0039106921967185185
BIN001,2024-10-15 04:00:00,10.8,54.0,9.0,0.7,7200.0,16.0,0.0022222222222222222,3787200.0,-0.0021853826038888777
BIN001,2024-10-15 06:00:00,18.0,82.7,37.4,6.5,7200.0,28.700000000000003,0.003986111111111111,3794400.0,0.0017511445341771969
BIN001,2024-10-15 08:00:00,18.3,69.5,10.6,3.1,7200.0,-13.200000000000003,-0.0018333333333333337,3801600.0,0.0018572445837202987
BIN001,2024-10-15 10:00:00,7.9,39.5,34.0,5.8,7200.0,-30.0,-0.004166666666666667,3808800.0,-0.0036371377824395536
BIN001,2024-10-15 12:00:00,16.4,89.8,54.1,1.2,7200.0,50.3,0.0069861111111111105,3816000.0,0.0007714298189262087
BIN001,2024-10-15 14:00:00,10.1,50.5,48.7,6.4,7200.0,-39.3,-0.005458333333333333,3823200.0,-0.0024644765576126463
BIN001,2024-10-15 16:00:00,17.9,81.2,45.3,4.2,7200.0,30.700000000000003,0.004263888888888889,3830400.0,0.0016416350756715548
BIN001,2024-10-15 18:00:00,18.5,61.4,45.0,3.0,7200.0,-19.800000000000004,-0.0027500000000000007,3837600.0,0.0019350562200790844
BIN001,2024-10-15 20:00:00,14.4,72.0,38.9,5.3,7200.0,10.600000000000001,0.0014722222222222224,3844800.0,-0.00019247595427467502
BIN001,2024-10-15 22:00:00,19.1,95.5,17.0,1.9,7200.0,23.5,0.003263888888888889,3852000.0,0.0022517143821472758
BIN001,2024-10-16 00:00:00,16.7,83.5,17.0,1.4,7200.0,-12.0,-0.0016666666666666668,3859200.0,0.0009634324295661086
BIN001,2024-10-16 02:00:00,9.0,45.0,44.6,5.0,7200.0,-38.5,-0.005347222222222222,3866400.0,-0.0030775481122474312
BIN001,2024-10-16 04:00:00,6.4,32.0,48.0,3.6,7200.0,-13.0,-0.0018055555555555555,3873600.0,-0.004494441804527683
BIN001,2024-10-16 06:00:00,16.6,87.1,28.4,5.4,7200.0,55.099999999999994,0.007652777777777777,3880800.0,0.0009883704472788465
BIN001,2024-10-16 08:00:00,17.8,97.0,5.5,3.3,7200.0,9.900000000000006,0.0013750000000000008,3888000.0,0.0015987813043652262
BIN001,2024-10-16 10:00:00,14.7,73.5,21.7,2.5,7200.0,-23.5,-0.003263888888888889,3895200.0,-8.093467686715386e-05
BIN001,2024-10-16 12:00:00,18.6,97.6,11.7,4.7,7200.0,24.099999999999994,0.0033472222222222215,3902400.0,0.002050193591746373
BIN001,2024-10-16 14:00:00,15.6,78.0,38.4,2.4,7200.0,-19.599999999999994,-0.0027222222222222214,3909600.0,0.000383075374792383
BIN001,2024-10-16 16:00:00,17.1,73.9,15.9,5.6,7200.0,-4.099999999999994,-0.0005694444444444436,3916800.0,0.0012681200753658067
BIN001,2024-10-16 18:00:00,17.0,87.4,45.1,5.8,7200.0,13.5,0.001875,3924000.0,0.0011969440014418277
BIN001,2024-10-16 20:00:00,8.6,43.0,26.5,2.2,7200.0,-44.400000000000006,-0.0061666666666666675,3931200.0,-0.003337981180307148
BIN001,2024-10-16 22:00:00,6.7,33.5,18.1,4.8,7200.0,-9.5,-0.0013194444444444445,3938400.0,-0.004286323485696042
BIN001,2024-10-17 00:00:00,9.3,46.5,38.8,6.5,7200.0,13.0,0.0018055555555555555,3945600.0,-0.002881369496908164
BIN001,2024-10-17 02:00:00,19.9,99.5,20.4,0.2,7200.0,53.0,0.007361111111111111,3952800.0,0.0026372557960373383
BIN001,2024-10-17 04:00:00,12.3,61.5,21.3,0.2,7200.0,-38.0,-0.005277777777777778,3960000.0,-0.0014084486332013963
BIN001,2024-10-17 06:00:00,17.1,66.6,37.8,1.3,7200.0,5.099999999999994,0.0007083333333333325,3967200.0,0.0011575693027037447
BIN001,2024-10-17 08:00:00,19.4,83.0,36.4,0.8,7200.0,16.400000000000006,0.0022777777777777787,3974400.0,0.0023718488640695253
BIN001,2024-10-17 10:00:00,15.1,75.5,39.7,2.3,7200.0,-7.5,-0.0010416666666666667,3981600.0,0.00011330710733675926
BIN001,2024-10-17 12:00:00,19.8,64.1,32.1,6.7,7200.0,-11.400000000000006,-0.0015833333333333342,3988800.0,0.0027162400286822163
BIN001,2024-10-17 14:00:00,5.3,26.5,18.0,3.7,7200.0,-37.599999999999994,-0.005222222222222222,3996000.0,-0.005055685975545294
BIN001,2024-10-17 16:00:00,16.5,68.0,45.3,5.3,7200.0,41.5,0.005763888888888889,4003200.0,0.0009192659144183109
BIN001,2024-10-17 18:00:00,19.6,80.6,43.4,6.1,7200.0,12.599999999999994,0.0017499999999999992,4010400.0,0.00258798632770426
BIN001,2024-10-17 20:00:00,5.2,26.0,12.6,5.7,7200.0,-54.599999999999994,-0.0075833333333333326,4017600.0,-0.005061441995132069
BIN001,2024-10-17 22:00:00,18.7,93.5,39.7,3.4,7200.0,67.5,0.009375,4024800.0,0.0020529774893287382
BIN001,2024-10-18 00:00:00,15.9,79.5,7.2,1.3,7200.0,-14.0,-0.0019444444444444444,4032000.0,0.0005417731811278165
BIN001,2024-10-18 02:00:00,12.8,64.0,21.0,2.8,7200.0,-15.5,-0.0021527777777777778,4039200.0,-0.0010860913883118132
BIN001,2024-10-18 04:00:00,12.9,64.5,12.8,2.8,7200.0,0.5,6.944444444444444e-05,4046400.0,-0.0010266673262042001
BIN001,2024-10-18 06:00:00,17.1,97.1,9.7,4.4,7200.0,32.599999999999994,0.004527777777777777,4053600.0,0.0012458228705939656
BIN001,2024-10-18 08:00:00,16.1,95.4,43.8,1.8,7200.0,-1.6999999999999886,-0.00023611111111110952,4060800.0,0.0006310060709852315
BIN001,2024-10-18 10:00:00,18.4,92.0,42.1,4.3,7200.0,-3.4000000000000057,-0.000472222222222223,4068000.0,0.0019107607747140404
BIN001,2024-10-18 12:00:00,18.9,95.7,14.5,1.2,7200.0,3.700000000000003,0.0005138888888888892,4075200.0,0.0021304417480526028
BIN001,2024-10-18 14:00:00,15.0,75.0,21.1,3.5,7200.0,-20.700000000000003,-0.0028750000000000004,4082400.0,9.967721290532298e-05
BIN001,2024-10-18 16:00:00,17.9,97.8,24.6,4.3,7200.0,22.799999999999997,0.003166666666666666,4089600.0,0.001657835596236201
BIN001,2024-10-18 18:00:00,18.6,89.1,13.6,1.1,7200.0,-8.700000000000003,-0.0012083333333333338,4096800.0,0.001969137053206416
BIN001,2024-10-18 20:00:00,7.0,35.0,9.6,6.2,7200.0,-54.099999999999994,-0.0075138888888888885,4104000.0,-0.004090845449899162
BIN001,2024-10-18 22:00:00,17.2,86.0,34.1,5.6,7200.0,51.0,0.007083333333333333,4111200.0,0.0013061600593852769
BIN001,2024-10-19 00:00:00,6.8,34.0,41.6,1.5,7200.0,-52.0,-0.007222222222222222,4118400.0,-0.004323996662689988
BIN001,2024-10-19 02:00:00,5.7,28.5,25.0,5.5,7200.0,-5.5,-0.0007638888888888889,4125600.0,-0.004809854900647722
BIN001,2024-10-19 04:00:00,11.2,56.0,5.9,4.1,7200.0,27.5,0.0038194444444444443,4132800.0,-0.001898514526978326
BIN001,2024-10-19 06:00:00,16.5,68.7,37.9,6.0,7200.0,12.700000000000003,0.0017638888888888893,4140000.0,0.0009392060420559158
BIN001,2024-10-19 08:00:00,19.0,71.1,31.6,2.8,7200.0,2.3999999999999915,0.00033333333333333213,4147200.0,0.0022049447174117952
BIN001,2024-10-19 10:00:00,13.4,67.0,18.4,2.1,7200.0,-4.099999999999994,-0.0005694444444444436,4154400.0,-0.0007807722263515641
BIN001,2024-10-19 12:00:00,16.0,88.6,22.3,4.2,7200.0,21.599999999999994,0.002999999999999999,4161600.0,0.0006456849299786224
BIN001,2024-10-19 14:00:00,8.8,44.0,48.6,3.0,7200.0,-44.599999999999994,-0.006194444444444443,4168800.0,-0.003232582823268067
BIN001,2024-10-19 16:00:00,18.2,96.3,29.3,3.2,7200.0,52.3,0.007263888888888888,4176000.0,0.0017894163502202333
BIN001,2024-10-19 18:00:00,18.0,95.0,43.6,5.3,7200.0,-1.2999999999999972,-0.00018055555555555517,4183200.0,0.0017176953787158382
BIN001,2024-10-19 20:00:00,19.1,95.5,42.5,4.8,7200.0,0.5,6.944444444444444e-05,4190400.0,0.002293066845601481
BIN001,2024-10-19 22:00:00,11.3,56.5,19.3,5.2,7200.0,-39.0,-0.005416666666666667,4197600.0,-0.0018320175088949236
BIN001,2024-10-20 00:00:00,5.2,26.0,10.7,1.7,7200.0,-30.5,-0.0042361111111111115,4204800.0,-0.00514825338930916
BIN001,2024-10-20 02:00:00,12.5,62.5,35.1,6.4,7200.0,36.5,0.005069444444444444,4212000.0,-0.001179378197804803
BIN001,2024-10-20 04:00:00,14.6,73.0,8.5,2.5,7200.0,10.5,0.0014583333333333334,4219200.0,-0.00012628580289016263
BIN001,2024-10-20 06:00:00,19.8,98.4,5.3,0.1,7200.0,25.400000000000006,0.0035277777777777785,4226400.0,0.0025915181464163713
BIN001,2024-10-20 08:00:00,18.5,90.4,44.9,6.7,7200.0,-8.0,-0.0011111111111111111,4233600.0,0.0020129291017951974
BIN001,2024-10-20 10:00:00,11.1,55.5,31.0,3.5,7200.0,-34.900000000000006,-0.004847222222222223,4240800.0,-0.001984645632874066
BIN001,2024-10-20 12:00:00,20.0,79.3,53.5,4.9,7200.0,23.799999999999997,0.003305555555555555,4248000.0,0.0027654790428333874
BIN001,2024-10-20 14:00:00,16.3,81.5,23.0,1.4,7200.0,2.200000000000003,0.00030555555555555593,4255200.0,0.0007432925294426924
BIN001,2024-10-20 16:00:00,19.4,89.0,44.1,3.6,7200.0,7.5,0.0010416666666666667,4262400.0,0.00242493252839553
BIN001,2024-10-20 18:00:00,16.8,87.1,10.8,0.4,7200.0,-1.9000000000000057,-0.0002638888888888897,4269600.0,0.0009968607744990053
BIN001,2024-10-20 20:00:00,11.2,56.0,47.6,5.9,7200.0,-31.099999999999994,-0.0043194444444444435,4276800.0,-0.0018921194418813235
BIN001,2024-10-20 22:00:00,12.0,60.0,24.0,5.3,7200.0,4.0,0.0005555555555555556,4284000.0,-0.0014614449997668493
BIN001,2024-10-21 00:00:00,10.3,51.5,27.4,3.6,7200.0,-8.5,-0.0011805555555555556,4291200.0,-0.002405853749025285
BIN001,2024-10-21 02:00:00,9.1,45.5,6.3,4.8,7200.0,-6.0,-0.0008333333333333334,4298400.0,-0.00300240246948468
BIN001,2024-10-21 04:00:00,5.6,28.0,28.9,1.1,7200.0,-17.5,-0.0024305555555555556,4305600.0,-0.0049629608005867295
BIN001,2024-10-21 06:00:00,20.0,68.1,46.0,6.9,7200.0,40.099999999999994,0.005569444444444444,4312800.0,0.0028142550542006144
BIN001,2024-10-21 08:00:00,18.5,63.9,28.2,3.5,7200.0,-4.199999999999996,-0.0005833333333333327,4320000.0,0.001955476827167124
BIN001,2024-10-21 10:00:00,11.3,56.5,19.7,5.9,7200.0,-7.399999999999999,-0.0010277777777777776,4327200.0,-0.0018179733067698167
BIN001,2024-10-21 12:00:00,19.9,88.0,31.7,4.7,7200.0,31.5,0.004375,4334400.0,0.002723936803359566
BIN001,2024-10-21 14:00:00,11.5,57.5,30.9,4.9,7200.0,-30.5,-0.0042361111111111115,4341600.0,-0.0017419085584943596
BIN001,2024-10-21 16:00:00,19.7,61.3,23.4,0.6,7200.0,3.799999999999997,0.0005277777777777774,4348800.0,0.0025345483695232932
BIN001,2024-10-21 18:00:00,19.1,75.7,47.9,2.2,7200.0,14.400000000000006,0.002000000000000001,4356000.0,0.0022312861930548853
BIN001,2024-10-21 20:00:00,5.5,27.5,7.9,0.4,7200.0,-48.2,-0.006694444444444445,4363200.0,-0.0050157926802965784
BIN001,2024-10-21 22:00:00,19.9,99.5,33.6,6.9,7200.0,72.0,0.01,4370400.0,0.0027700931183281263
BIN001,2024-10-22 00:00:00,17.1,85.5,26.9,1.5,7200.0,-14.0,-0.0019444444444444444,4377600.0,0.0011674549307451928
BIN001,2024-10-22 02:00:00,5.3,26.5,8.3,3.7,7200.0,-59.0,-0.008194444444444445,4384800.0,-0.005050918804115984
BIN001,2024-10-22 04:00:00,14.5,72.5,52.2,6.9,7200.0,46.0,0.006388888888888889,4392000.0,-0.0001182857504016541
BIN001,2024-10-22 06:00:00,19.0,97.9,52.9,4.8,7200.0,25.400000000000006,0.0035277777777777785,4399200.0,0.0022305075602048786
BIN001,2024-10-22 08:00:00,18.4,70.1,44.0,1.2,7200.0,-27.80000000000001,-0.003861111111111113,4406400.0,0.0018396062825093602
BIN001,2024-10-22 10:00:00,19.5,97.5,40.0,3.1,7200.0,27.400000000000006,0.0038055555555555564,4413600.0,0.0024693851052407425
BIN001,2024-10-22 12:00:00,16.4,81.7,46.8,4.8,7200.0,-15.799999999999997,-0.002194444444444444,4420800.0,0.0008512051501220995
BIN001,2024-10-22 14:00:00,7.5,37.5,44.2,3.4,7200.0,-44.2,-0.006138888888888889,4428000.0,-0.003914182971332453
BIN001,2024-10-22 16:00:00,19.3,88.7,50.1,6.8,7200.0,51.2,0.0071111111111111115,4435200.0,0.002435565941514055
BIN001,2024-10-22 18:00:00,18.8,63.4,29.0,2.6,7200.0,-25.300000000000004,-0.0035138888888888893,4442400.0,0.002094136527426037
BIN001,2024-10-22 20:00:00,11.6,58.0,18.4,0.4,7200.0,-5.399999999999999,-0.0007499999999999998,4449600.0,-0.0017777577949491538
BIN001,2024-10-22 22:00:00,8.5,42.5,38.1,3.7,7200.0,-15.5,-0.0021527777777777778,4456800.0,-0.003370970974868834
BIN001,2024-10-23 00:00:00,15.1,75.5,50.2,0.6,7200.0,33.0,0.004583333333333333,4464000.0,6.507437237486882e-05
BIN001,2024-10-23 02:00:00,8.0,40.0,28.7,5.4,7200.0,-35.5,-0.004930555555555555,4471200.0,-0.003593047695073629
BIN001,2024-10-23 04:00:00,18.5,92.5,30.5,1.2,7200.0,52.5,0.007291666666666667,4478400.0,0.0019026320190038467
BIN001,2024-10-23 06:00:00,16.1,96.0,8.1,4.9,7200.0,3.5,0.0004861111111111111,4485600.0,0.000722766686098544
BIN001,2024-10-23 08:00:00,18.8,92.9,42.5,4.8,7200.0,-3.0999999999999943,-0.00043055555555555474,4492800.0,0.002131355001244917
BIN001,2024-10-23 10:00:00,6.1,30.5,38.7,5.5,7200.0,-62.400000000000006,-0.008666666666666668,4500000.0,-0.00460993097159978
BIN001,2024-10-23 12:00:00,16.7,80.2,15.7,4.1,7200.0,49.7,0.0069027777777777785,4507200.0,0.0010187693713292808
BIN001,2024-10-23 14:00:00,12.3,61.5,18.1,2.3,7200.0,-18.700000000000003,-0.0025972222222222226,4514400.0,-0.001364080921309527
BIN001,2024-10-23 16:00:00,17.8,89.0,36.3,7.0,7200.0,27.5,0.0038194444444444443,4521600.0,0.0016515002333629125
BIN001,2024-10-23 18:00:00,17.6,78.7,10.0,5.7,7200.0,-10.299999999999997,-0.0014305555555555551,4528800.0,0.0015367753357207782
BIN001,2024-10-23 20:00:00,16.6,83.0,43.4,6.1,7200.0,4.299999999999997,0.0005972222222222219,4536000.0,0.0009877385268894073
BIN001,2024-10-23 22:00:00,8.7,43.5,25.0,2.4,7200.0,-39.5,-0.005486111111111111,4543200.0,-0.003283397521697898
BIN001,2024-10-24 00:00:00,5.9,29.5,37.8,0.9,7200.0,-14.0,-0.0019444444444444444,4550400.0,-0.004816076611611627
BIN001,2024-10-24 02:00:00,14.7,73.5,51.5,0.7,7200.0,44.0,0.006111111111111111,4557600.0,-0.00014726669553083611
BIN001,2024-10-24 04:00:00,18.4,92.0,42.4,3.5,7200.0,18.5,0.0025694444444444445,4564800.0,0.0018897783889993292
BIN001,2024-10-24 06:00:00,19.9,60.1,36.5,6.0,7200.0,-31.9,-0.004430555555555556,4572000.0,0.002746947695632381
BIN001,2024-10-24 08:00:00,19.9,83.0,51.8,5.8,7200.0,22.9,0.0031805555555555554,4579200.0,0.002730888858146971
BIN001,2024-10-24 10:00:00,19.5,97.5,37.7,6.8,7200.0,14.5,0.002013888888888889,4586400.0,0.0025504418288128505
BIN001,2024-10-24 12:00:00,19.6,75.5,36.7,1.3,7200.0,-22.0,-0.0030555555555555557,4593600.0,0.00248476002503328
BIN001,2024-10-24 14:00:00,12.2,61.0,24.9,5.8,7200.0,-14.5,-0.002013888888888889,4600800.0,-0.0013469491316103798
BIN001,2024-10-24 16:00:00,19.9,74.4,41.7,0.6,7200.0,13.400000000000006,0.001861111111111112,4608000.0,0.0026252978625169177
BIN001,2024-10-24 18:00:00,17.9,68.0,26.6,4.8,7200.0,-6.400000000000006,-0.0008888888888888897,4615200.0,0.001663636616448541
BIN001,2024-10-24 20:00:00,6.4,32.0,50.7,5.8,7200.0,-36.0,-0.005,4622400.0,-0.0044537084245212955
BIN001,2024-10-24 22:00:00,6.0,30.0,14.0,2.1,7200.0,-2.0,-0.0002777777777777778,4629600.0,-0.004719151044594148
BIN001,2024-10-25 00:00:00,15.3,76.5,8.4,6.9,7200.0,46.5,0.006458333333333333,4636800.0,0.0003392284251359477
BIN001,2024-10-25 02:00:00,16.4,82.0,18.0,6.5,7200.0,5.5,0.0007638888888888889,4644000.0,0.0009086200804732415
BIN001,2024-10-25 04:00:00,10.9,54.5,25.8,6.0,7200.0,-27.5,-0.0038194444444444443,4651200.0,-0.002035528349791688
BIN001,2024-10-25 06:00:00,18.5,92.4,52.5,6.9,7200.0,37.900000000000006,0.00526388888888889,4658400.0,0.0020086182535397103
BIN001,2024-10-25 08:00:00,16.8,79.6,27.9,0.4,7200.0,-12.800000000000011,-0.0017777777777777794,4665600.0,0.000981154483600968
BIN001,2024-10-25 10:00:00,16.1,80.5,49.6,6.3,7200.0,0.9000000000000057,0.0001250000000000008,4672800.0,0.0007203229498603803
BIN001,2024-10-25 12:00:00,18.0,94.3,43.1,2.7,7200.0,13.799999999999997,0.0019166666666666663,4680000.0,0.001658174786198426
BIN001,2024-10-25 14:00:00,14.9,74.5,12.5,5.0,7200.0,-19.799999999999997,-0.0027499999999999994,4687200.0,8.15474590304191e-05
BIN001,2024-10-25 16:00:00,19.8,68.1,5.3,5.9,7200.0,-6.400000000000006,-0.0008888888888888897,4694400.0,0.0027145011845954477
BIN001,2024-10-25 18:00:00,16.6,78.8,35.0,5.7,7200.0,10.700000000000003,0.0014861111111111114,4701600.0,0.0009843225824089884
BIN001,2024-10-25 20:00:00,8.5,42.5,39.8,6.9,7200.0,-36.3,-0.0050416666666666665,4708800.0,-0.003304371957352498
BIN001,2024-10-25 22:00:00,5.1,25.5,34.4,1.1,7200.0,-17.0,-0.002361111111111111,4716000.0,-0.00523604016550702
BIN001,2024-10-26 00:00:00,12.1,60.5,32.4,2.7,7200.0,35.0,0.004861111111111111,4723200.0,-0.0014741362327863588
BIN001,2024-10-26 02:00:00,14.8,74.0,35.0,1.9,7200.0,13.5,0.001875,4730400.0,-5.65366534460085e-05
BIN001,2024-10-26 04:00:00,9.4,47.0,42.8,3.4,7200.0,-27.0,-0.00375,4737600.0,-0.002903964124828637
BIN001,2024-10-26 06:00:00,19.2,80.9,44.9,5.4,7200.0,33.900000000000006,0.004708333333333334,4744800.0,0.002353766714847322
BIN001,2024-10-26 08:00:00,18.2,78.3,39.9,0.4,7200.0,-2.6000000000000085,-0.0003611111111111123,4752000.0,0.0017165516428978584
BIN001,2024-10-26 10:00:00,13.4,67.0,47.3,3.1,7200.0,-11.299999999999997,-0.001569444444444444,4759200.0,-0.0007851326485648277
BIN001,2024-10-26 12:00:00,17.7,61.8,9.0,3.9,7200.0,-5.200000000000003,-0.0007222222222222226,4766400.0,0.001550008428594856
BIN001,2024-10-26 14:00:00,18.0,90.0,49.6,6.8,7200.0,28.200000000000003,0.003916666666666667,4773600.0,0.0017417591830325568
BIN001,2024-10-26 16:00:00,19.9,91.0,38.1,4.7,7200.0,1.0,0.0001388888888888889,4780800.0,0.002716044877575912
BIN001,2024-10-26 18:00:00,17.1,60.3,23.7,2.1,7200.0,-30.700000000000003,-0.004263888888888889,4788000.0,0.0011801717609510216
BIN001,2024-10-26 20:00:00,17.9,89.5,12.9,2.4,7200.0,29.200000000000003,0.004055555555555556,4795200.0,0.0016206650056225097
BIN001,2024-10-26 22:00:00,12.8,64.0,31.3,4.8,7200.0,-25.5,-0.0035416666666666665,4802400.0,-0.0010555971323819233
BIN001,2024-10-27 00:00:00,11.9,59.5,50.1,1.5,7200.0,-4.5,-0.000625,4809600.0,-0.0016207543767071527
BIN001,2024-10-27 02:00:00,7.6,38.0,14.2,0.0,7200.0,-21.5,-0.0029861111111111113,4816800.0,-0.003914667494887523
BIN001,2024-10-27 04:00:00,9.6,48.0,5.9,3.2,7200.0,10.0,0.001388888888888889,4824000.0,-0.002774328472119024
BIN001,2024-10-27 06:00:00,19.3,77.2,35.0,3.0,7200.0,29.200000000000003,0.004055555555555556,4831200.0,0.0023617543736369727
BIN001,2024-10-27 08:00:00,19.6,74.5,13.6,6.0,7200.0,-2.700000000000003,-0.0003750000000000004,4838400.0,0.0026029315158314376
BIN001,2024-10-27 10:00:00,10.4,52.0,29.5,2.4,7200.0,-22.5,-0.003125,4845600.0,-0.00238407314710006
BIN001,2024-10-27 12:00:00,18.7,74.3,7.6,1.1,7200.0,22.299999999999997,0.0030972222222222217,4852800.0,0.0020218281180666587
BIN001,2024-10-27 14:00:00,17.2,86.0,9.6,3.1,7200.0,11.700000000000003,0.0016250000000000004,4860000.0,0.001265403605417768
BIN001,2024-10-27 16:00:00,17.3,85.8,13.6,5.6,7200.0,-0.20000000000000284,-2.7777777777778172e-05,4867200.0,0.0013699018792651119
BIN001,2024-10-27 18:00:00,17.8,74.0,7.0,0.5,7200.0,-11.799999999999997,-0.0016388888888888885,4874400.0,0.0015300806401496447
BIN001,2024-10-27 20:00:00,19.1,95.5,33.1,2.7,7200.0,21.5,0.0029861111111111113,4881600.0,0.0022498908466692287
BIN001,2024-10-27 22:00:00,19.4,97.0,34.8,0.1,7200.0,1.5,0.00020833333333333335,4888800.0,0.0023516695149716754
BIN001,2024-10-28 00:00:00,5.8,29.0,44.6,3.9,7200.0,-68.0,-0.009444444444444445,4896000.0,-0.004811569508000045
BIN001,2024-10-28 02:00:00,11.7,58.5,7.4,5.1,7200.0,29.5,0.004097222222222223,4903200.0,-0.001616994618946951
BIN001,2024-10-28 04:00:00,10.0,50.0,32.6,0.5,7200.0,-8.5,-0.0011805555555555556,4910400.0,-0.002641089229303766
BIN001,2024-10-28 06:00:00,18.1,78.1,19.6,6.7,7200.0,28.099999999999994,0.003902777777777777,4917600.0,0.0018146988474131726
BIN001,2024-10-28 08:00:00,17.1,98.6,51.6,2.7,7200.0,20.5,0.0028472222222222223,4924800.0,0.0011710341324886221
BIN001,2024-10-28 10:00:00,6.4,32.0,23.3,4.3,7200.0,-66.6,-0.00925,4932000.0,-0.004467540159546814
BIN001,2024-10-28 12:00:00,18.7,91.8,5.3,0.6,7200.0,59.8,0.008305555555555556,4939200.0,0.002012123155969636
BIN001,2024-10-28 14:00:00,15.5,77.5,40.0,4.9,7200.0,-14.299999999999997,-0.001986111111111111,4946400.0,0.0003760037076824263
BIN001,2024-10-28 16:00:00,19.7,62.0,27.1,4.7,7200.0,-15.5,-0.0021527777777777778,4953600.0,0.002616814787000394
BIN001,2024-10-28 18:00:00,16.8,63.9,50.6,6.1,7200.0,1.8999999999999986,0.0002638888888888887,4960800.0,0.0010858293363396661
BIN001,2024-10-28 20:00:00,9.3,46.5,45.4,1.2,7200.0,-17.4,-0.0024166666666666664,4968000.0,-0.0030085721596184237
BIN001,2024-10-28 22:00:00,6.8,34.0,7.5,0.5,7200.0,-12.5,-0.001736111111111111,4975200.0,-0.004325542780192431
BIN001,2024-10-29 00:00:00,10.8,54.0,30.2,3.2,7200.0,20.0,0.002777777777777778,4982400.0,-0.002155238163594503
BIN001,2024-10-29 02:00:00,7.5,37.5,19.0,3.1,7200.0,-16.5,-0.0022916666666666667,4989600.0,-0.003905294420061073
BIN001,2024-10-29 04:00:00,16.1,80.5,23.8,5.3,7200.0,43.0,0.0059722222222222225,4996800.0,0.0007160490017188957
BIN001,2024-10-29 06:00:00,19.4,83.2,31.1,0.5,7200.0,2.700000000000003,0.0003750000000000004,5004000.0,0.0023624109998724822
BIN001,2024-10-29 08:00:00,18.2,97.0,27.8,0.8,7200.0,13.799999999999997,0.0019166666666666663,5011200.0,0.0017327225731595657
BIN001,2024-10-29 10:00:00,10.8,54.0,36.6,5.9,7200.0,-43.0,-0.0059722222222222225,5018400.0,-0.0021016369756118114
BIN001,2024-10-29 12:00:00,19.6,91.3,34.1,6.3,7200.0,37.3,0.0051805555555555554,5025600.0,0.002592568602459943
BIN001,2024-10-29 14:00:00,5.3,26.5,44.4,3.2,7200.0,-64.8,-0.009,5032800.0,-0.005093681462215421
BIN001,2024-10-29 16:00:00,18.8,86.5,36.3,5.2,7200.0,60.0,0.008333333333333333,5040000.0,0.002141084674714999
BIN001,2024-10-29 18:00:00,19.3,81.7,49.8,4.9,7200.0,-4.799999999999997,-0.0006666666666666663,5047200.0,0.002390339212462924
BIN001,2024-10-29 20:00:00,17.5,87.5,53.6,6.5,7200.0,5.799999999999997,0.0008055555555555551,5054400.0,0.0014641734832668805
BIN001,2024-10-29 22:00:00,19.1,95.5,9.0,1.5,7200.0,8.0,0.0011111111111111111,5061600.0,0.0022409438970367786
BIN001,2024-10-30 00:00:00,12.5,62.5,39.5,4.4,7200.0,-33.0,-0.004583333333333333,5068800.0,-0.0012320148105376015
BIN001,2024-10-30 02:00:00,11.2,56.0,20.7,5.5,7200.0,-6.5,-0.0009027777777777777,5076000.0,-0.0018857145810952719
BIN001,2024-10-30 04:00:00,11.8,59.0,37.1,1.8,7200.0,3.0,0.0004166666666666667,5083200.0,-0.0016593929463630652
BIN001,2024-10-30 06:00:00,18.4,79.0,40.0,0.3,7200.0,20.0,0.002777777777777778,5090400.0,0.001818462050971522
BIN001,2024-10-30 08:00:00,18.6,70.5,44.0,6.9,7200.0,-8.5,-0.0011805555555555556,5097600.0,0.0020653538379377667
BIN001,2024-10-30 10:00:00,6.7,33.5,17.2,4.2,7200.0,-37.0,-0.005138888888888889,5104800.0,-0.004306563085829079
BIN001,2024-10-30 12:00:00,16.6,93.2,9.6,6.9,7200.0,59.7,0.008291666666666668,5112000.0,0.0010270078008207811
BIN001,2024-10-30 14:00:00,16.4,82.0,37.9,2.0,7200.0,-11.200000000000003,-0.001555555555555556,5119200.0,0.0007923752873593946
BIN001,2024-10-30 16:00:00,17.4,64.4,29.1,3.7,7200.0,-17.599999999999994,-0.0024444444444444435,5126400.0,0.0013682392358118425
BIN001,2024-10-30 18:00:00,19.5,92.3,43.5,0.3,7200.0,27.89999999999999,0.0038749999999999987,5133600.0,0.002400959085932684
BIN001,2024-10-30 20:00:00,14.4,72.0,35.1,6.4,7200.0,-20.299999999999997,-0.002819444444444444,5140800.0,-0.00017440751751359417
BIN001,2024-10-30 22:00:00,12.4,62.0,36.9,0.7,7200.0,-10.0,-0.001388888888888889,5148000.0,-0.0013642620790600846
BIN001,2024-10-31 00:00:00,10.2,51.0,38.8,2.9,7200.0,-11.0,-0.0015277777777777779,5155200.0,-0.0024888236298007196
BIN001,2024-10-31 02:00:00,9.5,47.5,32.0,3.4,7200.0,-3.5,-0.0004861111111111111,5162400.0,-0.002845378424914154
BIN001,2024-10-31 04:00:00,9.2,46.0,21.8,2.7,7200.0,-1.5,-0.00020833333333333335,5169600.0,-0.003012547458203536
BIN001,2024-10-31 06:00:00,19.0,85.7,10.3,0.4,7200.0,39.7,0.005513888888888889,5176800.0,0.002162028235551493
BIN001,2024-10-31 08:00:00,16.7,70.2,26.1,0.7,7200.0,-15.5,-0.0021527777777777778,5184000.0,0.000932327127065544
BIN001,2024-10-31 10:00:00,15.3,76.5,45.5,1.7,7200.0,6.299999999999997,0.0008749999999999996,5191200.0,0.00019411616122317135
BIN001,2024-10-31 12:00:00,16.6,93.6,49.2,3.7,7200.0,17.099999999999994,0.002374999999999999,5198400.0,0.0009266481118752751
BIN001,2024-10-31 14:00:00,13.7,68.5,15.2,5.7,7200.0,-25.099999999999994,-0.0034861111111111104,5205600.0,-0.0005474660780145617
BIN001,2024-10-31 16:00:00,19.8,74.6,10.8,0.2,7200.0,6.099999999999994,0.0008472222222222214,5212800.0,0.0025828406205746623
BIN001,2024-10-31 18:00:00,18.1,97.2,13.6,6.5,7200.0,22.60000000000001,0.0031388888888888903,5220000.0,0.0018128798267438052
BIN001,2024-10-31 20:00:00,17.9,89.5,50.6,5.8,7200.0,-7.700000000000003,-0.001069444444444445,5227200.0,0.001662961968743857
BIN001,2024-10-31 22:00:00,9.5,47.5,7.8,0.3,7200.0,-42.0,-0.005833333333333334,5234400.0,-0.0028948426711043864
BIN001,2024-11-01 00:00:00,9.4,47.0,30.0,6.9,7200.0,-0.5,-6.944444444444444e-05,5241600.0,-0.002821491351532664
BIN001,2024-11-01 02:00:00,14.4,72.0,42.9,3.9,7200.0,25.0,0.003472222222222222,5248800.0,-0.00023545342847507405
BIN001,2024-11-01 04:00:00,13.3,66.5,51.0,6.3,7200.0,-5.5,-0.0007638888888888889,5256000.0,-0.0007749341925791155
BIN001,2024-11-01 06:00:00,19.8,91.4,25.8,3.7,7200.0,24.900000000000006,0.003458333333333334,5263200.0,0.0026471893987957806
